USE sis;

CREATE TABLE SIS_PERSONS (
    uid VARCHAR(255) NOT NULL,
    surname VARCHAR(255) DEFAULT NULL,
    givenName VARCHAR(255) DEFAULT NULL,
    fullName VARCHAR(255) DEFAULT NULL,
    department VARCHAR(255) DEFAULT NULL,
    mail VARCHAR(255) DEFAULT NULL,
    PRIMARY KEY (uid)
);

CREATE TABLE SIS_AFFILIATIONS (
    uid VARCHAR(255) NOT NULL,
    affiliation VARCHAR(255) NOT NULL,
    PRIMARY KEY (uid , affiliation)
);

INSERT INTO SIS_PERSONS (uid, surname, givenName, fullName, department, mail) VALUES ('jsmith','Smith','Joe','John Smith',NULL,NULL);
INSERT INTO SIS_PERSONS (uid, surname, givenName, fullName, department, mail) VALUES ('banderson','Anderson','Bob','Bob Anderson',NULL,NULL);
INSERT INTO SIS_PERSONS (uid, surname, givenName, fullName, department, mail) VALUES ('kwhite','White','Karl','Karl White','Law','kwhite@example.edu');
INSERT INTO SIS_AFFILIATIONS (uid, affiliation) VALUES ('kwhite','member');
INSERT INTO SIS_AFFILIATIONS (uid, affiliation) VALUES ('kwhite','student');
INSERT INTO SIS_PERSONS (uid, surname, givenName, fullName, department, mail) VALUES ('whenderson','Henderson','William','William Henderson','Advising','whenderson@example.edu');
INSERT INTO SIS_AFFILIATIONS (uid, affiliation) VALUES ('whenderson','community');
INSERT INTO SIS_PERSONS (uid, surname, givenName, fullName, department, mail) VALUES ('ddavis','Davis','David','David Davis','Computer Science','ddavis@example.edu');
INSERT INTO SIS_AFFILIATIONS (uid, affiliation) VALUES ('ddavis','staff');
INSERT INTO SIS_PERSONS (uid, surname, givenName, fullName, department, mail) VALUES ('cmorrison','Morrison','Colin','Colin Morrison','Financial Aid','cmorrison@example.edu');
INSERT INTO SIS_AFFILIATIONS (uid, affiliation) VALUES ('cmorrison','member');
INSERT INTO SIS_AFFILIATIONS (uid, affiliation) VALUES ('cmorrison','faculty');
INSERT INTO SIS_PERSONS (uid, surname, givenName, fullName, department, mail) VALUES ('danderson','Anderson','Donna','Donna Anderson','Account Payable','danderson@example.edu');
INSERT INTO SIS_AFFILIATIONS (uid, affiliation) VALUES ('danderson','member');
INSERT INTO SIS_PERSONS (uid, surname, givenName, fullName, department, mail) VALUES ('amorrison','Morrison','Ann','Ann Morrison','Law','amorrison@example.edu');
INSERT INTO SIS_AFFILIATIONS (uid, affiliation) VALUES ('amorrison','student');
INSERT INTO SIS_AFFILIATIONS (uid, affiliation) VALUES ('amorrison','alum');
INSERT INTO SIS_PERSONS (uid, surname, givenName, fullName, department, mail) VALUES ('wprice','Price','William','William Price','Account Payable','wprice@example.edu');
INSERT INTO SIS_AFFILIATIONS (uid, affiliation) VALUES ('wprice','community');
INSERT INTO SIS_PERSONS (uid, surname, givenName, fullName, department, mail) VALUES ('mroberts','Roberts','Marie','Marie Roberts','Law','mroberts@example.edu');
INSERT INTO SIS_AFFILIATIONS (uid, affiliation) VALUES ('mroberts','student');
INSERT INTO SIS_AFFILIATIONS (uid, affiliation) VALUES ('mroberts','community');
INSERT INTO SIS_PERSONS (uid, surname, givenName, fullName, department, mail) VALUES ('kjohnson','Johnson','Kiersten','Kiersten Johnson','Physical Education','kjohnson@example.edu');
INSERT INTO SIS_AFFILIATIONS (uid, affiliation) VALUES ('kjohnson','faculty');
INSERT INTO SIS_PERSONS (uid, surname, givenName, fullName, department, mail) VALUES ('jbrown','Brown','James','James Brown','Information Technology','jbrown@example.edu');
INSERT INTO SIS_AFFILIATIONS (uid, affiliation) VALUES ('jbrown','alum');
INSERT INTO SIS_AFFILIATIONS (uid, affiliation) VALUES ('jbrown','staff');
INSERT INTO SIS_PERSONS (uid, surname, givenName, fullName, department, mail) VALUES ('agasper','Gasper','Ann','Ann Gasper','Computer Science','agasper@example.edu');
INSERT INTO SIS_AFFILIATIONS (uid, affiliation) VALUES ('agasper','student');
INSERT INTO SIS_AFFILIATIONS (uid, affiliation) VALUES ('agasper','community');
INSERT INTO SIS_PERSONS (uid, surname, givenName, fullName, department, mail) VALUES ('jscott','Scott','Jennifer','Jennifer Scott','Business','jscott@example.edu');
INSERT INTO SIS_AFFILIATIONS (uid, affiliation) VALUES ('jscott','community');
INSERT INTO SIS_AFFILIATIONS (uid, affiliation) VALUES ('jscott','student');
INSERT INTO SIS_PERSONS (uid, surname, givenName, fullName, department, mail) VALUES ('bbutler','Butler','Betty','Betty Butler','Purchasing','bbutler@example.edu');
INSERT INTO SIS_AFFILIATIONS (uid, affiliation) VALUES ('bbutler','community');
INSERT INTO SIS_AFFILIATIONS (uid, affiliation) VALUES ('bbutler','member');
INSERT INTO SIS_PERSONS (uid, surname, givenName, fullName, department, mail) VALUES ('tmorrison','Morrison','Thomas','Thomas Morrison','Purchasing','tmorrison@example.edu');
INSERT INTO SIS_AFFILIATIONS (uid, affiliation) VALUES ('tmorrison','student');
INSERT INTO SIS_AFFILIATIONS (uid, affiliation) VALUES ('tmorrison','staff');
INSERT INTO SIS_PERSONS (uid, surname, givenName, fullName, department, mail) VALUES ('jbrown14','Brown','Jennifer','Jennifer Brown','Accounting','jbrown14@example.edu');
INSERT INTO SIS_AFFILIATIONS (uid, affiliation) VALUES ('jbrown14','member');
INSERT INTO SIS_AFFILIATIONS (uid, affiliation) VALUES ('jbrown14','staff');
INSERT INTO SIS_PERSONS (uid, surname, givenName, fullName, department, mail) VALUES ('gjohnson','Johnson','Greg','Greg Johnson','Physical Education','gjohnson@example.edu');
INSERT INTO SIS_AFFILIATIONS (uid, affiliation) VALUES ('gjohnson','community');
INSERT INTO SIS_AFFILIATIONS (uid, affiliation) VALUES ('gjohnson','alum');
INSERT INTO SIS_PERSONS (uid, surname, givenName, fullName, department, mail) VALUES ('rmartinez','Martinez','Robert','Robert Martinez','Financial Aid','rmartinez@example.edu');
INSERT INTO SIS_AFFILIATIONS (uid, affiliation) VALUES ('rmartinez','staff');
INSERT INTO SIS_AFFILIATIONS (uid, affiliation) VALUES ('rmartinez','faculty');
INSERT INTO SIS_PERSONS (uid, surname, givenName, fullName, department, mail) VALUES ('jlewis','Lewis','Jo','Jo Lewis','Accounting','jlewis@example.edu');
INSERT INTO SIS_AFFILIATIONS (uid, affiliation) VALUES ('jlewis','community');
INSERT INTO SIS_AFFILIATIONS (uid, affiliation) VALUES ('jlewis','student');
INSERT INTO SIS_PERSONS (uid, surname, givenName, fullName, department, mail) VALUES ('mgasper','Gasper','Mary','Mary Gasper','Physical Education','mgasper@example.edu');
INSERT INTO SIS_AFFILIATIONS (uid, affiliation) VALUES ('mgasper','faculty');
INSERT INTO SIS_PERSONS (uid, surname, givenName, fullName, department, mail) VALUES ('kvales','Vales','Karoline','Karoline Vales','Information Technology','kvales@example.edu');
INSERT INTO SIS_AFFILIATIONS (uid, affiliation) VALUES ('kvales','student');
INSERT INTO SIS_AFFILIATIONS (uid, affiliation) VALUES ('kvales','alum');
INSERT INTO SIS_PERSONS (uid, surname, givenName, fullName, department, mail) VALUES ('tgrady','Grady','Thomas','Thomas Grady','Law','tgrady@example.edu');
INSERT INTO SIS_AFFILIATIONS (uid, affiliation) VALUES ('tgrady','alum');
INSERT INTO SIS_PERSONS (uid, surname, givenName, fullName, department, mail) VALUES ('kmorrison','Morrison','Kiersten','Kiersten Morrison','Information Technology','kmorrison@example.edu');
INSERT INTO SIS_AFFILIATIONS (uid, affiliation) VALUES ('kmorrison','staff');
INSERT INTO SIS_AFFILIATIONS (uid, affiliation) VALUES ('kmorrison','faculty');
INSERT INTO SIS_PERSONS (uid, surname, givenName, fullName, department, mail) VALUES ('dgrady','Grady','David','David Grady','Advising','dgrady@example.edu');
INSERT INTO SIS_AFFILIATIONS (uid, affiliation) VALUES ('dgrady','community');
INSERT INTO SIS_PERSONS (uid, surname, givenName, fullName, department, mail) VALUES ('mthompson','Thompson','Mary','Mary Thompson','Financial Aid','mthompson@example.edu');
INSERT INTO SIS_AFFILIATIONS (uid, affiliation) VALUES ('mthompson','staff');
INSERT INTO SIS_AFFILIATIONS (uid, affiliation) VALUES ('mthompson','student');
INSERT INTO SIS_PERSONS (uid, surname, givenName, fullName, department, mail) VALUES ('bgasper','Gasper','Bill','Bill Gasper','Business','bgasper@example.edu');
INSERT INTO SIS_AFFILIATIONS (uid, affiliation) VALUES ('bgasper','alum');
INSERT INTO SIS_PERSONS (uid, surname, givenName, fullName, department, mail) VALUES ('dlopez','Lopez','David','David Lopez','Account Payable','dlopez@example.edu');
INSERT INTO SIS_AFFILIATIONS (uid, affiliation) VALUES ('dlopez','staff');
INSERT INTO SIS_AFFILIATIONS (uid, affiliation) VALUES ('dlopez','faculty');
INSERT INTO SIS_PERSONS (uid, surname, givenName, fullName, department, mail) VALUES ('hwhite','White','Heather','Heather White','Physical Education','hwhite@example.edu');
INSERT INTO SIS_AFFILIATIONS (uid, affiliation) VALUES ('hwhite','staff');
INSERT INTO SIS_PERSONS (uid, surname, givenName, fullName, department, mail) VALUES ('ddavis27','Davis','Donna','Donna Davis','Accounting','ddavis27@example.edu');
INSERT INTO SIS_AFFILIATIONS (uid, affiliation) VALUES ('ddavis27','staff');
INSERT INTO SIS_AFFILIATIONS (uid, affiliation) VALUES ('ddavis27','community');
INSERT INTO SIS_PERSONS (uid, surname, givenName, fullName, department, mail) VALUES ('bgasper28','Gasper','Bill','Bill Gasper','Engineering','bgasper28@example.edu');
INSERT INTO SIS_AFFILIATIONS (uid, affiliation) VALUES ('bgasper28','faculty');
INSERT INTO SIS_PERSONS (uid, surname, givenName, fullName, department, mail) VALUES ('jjohnson','Johnson','Jennifer','Jennifer Johnson','Financial Aid','jjohnson@example.edu');
INSERT INTO SIS_AFFILIATIONS (uid, affiliation) VALUES ('jjohnson','student');
INSERT INTO SIS_AFFILIATIONS (uid, affiliation) VALUES ('jjohnson','alum');
INSERT INTO SIS_PERSONS (uid, surname, givenName, fullName, department, mail) VALUES ('amorrison30','Morrison','Ann','Ann Morrison','Financial Aid','amorrison30@example.edu');
INSERT INTO SIS_AFFILIATIONS (uid, affiliation) VALUES ('amorrison30','alum');
INSERT INTO SIS_PERSONS (uid, surname, givenName, fullName, department, mail) VALUES ('kmartinez','Martinez','Karl','Karl Martinez','Accounting','kmartinez@example.edu');
INSERT INTO SIS_AFFILIATIONS (uid, affiliation) VALUES ('kmartinez','student');
INSERT INTO SIS_PERSONS (uid, surname, givenName, fullName, department, mail) VALUES ('ahenderson','Henderson','Ann','Ann Henderson','Accounting','ahenderson@example.edu');
INSERT INTO SIS_AFFILIATIONS (uid, affiliation) VALUES ('ahenderson','member');
INSERT INTO SIS_AFFILIATIONS (uid, affiliation) VALUES ('ahenderson','student');
INSERT INTO SIS_PERSONS (uid, surname, givenName, fullName, department, mail) VALUES ('avales','Vales','Ann','Ann Vales','Purchasing','avales@example.edu');
INSERT INTO SIS_AFFILIATIONS (uid, affiliation) VALUES ('avales','student');
INSERT INTO SIS_AFFILIATIONS (uid, affiliation) VALUES ('avales','alum');
INSERT INTO SIS_PERSONS (uid, surname, givenName, fullName, department, mail) VALUES ('ggonazles','Gonazles','Greg','Greg Gonazles','Language Arts','ggonazles@example.edu');
INSERT INTO SIS_AFFILIATIONS (uid, affiliation) VALUES ('ggonazles','community');
INSERT INTO SIS_PERSONS (uid, surname, givenName, fullName, department, mail) VALUES ('bdoe','Doe','Blake','Blake Doe','Business','bdoe@example.edu');
INSERT INTO SIS_AFFILIATIONS (uid, affiliation) VALUES ('bdoe','student');
INSERT INTO SIS_PERSONS (uid, surname, givenName, fullName, department, mail) VALUES ('plangenberg','Langenberg','Paul','Paul Langenberg','Information Technology','plangenberg@example.edu');
INSERT INTO SIS_AFFILIATIONS (uid, affiliation) VALUES ('plangenberg','staff');
INSERT INTO SIS_PERSONS (uid, surname, givenName, fullName, department, mail) VALUES ('gvales','Vales','Greg','Greg Vales','Language Arts','gvales@example.edu');
INSERT INTO SIS_AFFILIATIONS (uid, affiliation) VALUES ('gvales','community');
INSERT INTO SIS_AFFILIATIONS (uid, affiliation) VALUES ('gvales','member');
INSERT INTO SIS_PERSONS (uid, surname, givenName, fullName, department, mail) VALUES ('nhenderson','Henderson','Nancy','Nancy Henderson','Physical Education','nhenderson@example.edu');
INSERT INTO SIS_AFFILIATIONS (uid, affiliation) VALUES ('nhenderson','member');
INSERT INTO SIS_PERSONS (uid, surname, givenName, fullName, department, mail) VALUES ('wthompson','Thompson','William','William Thompson','Law','wthompson@example.edu');
INSERT INTO SIS_AFFILIATIONS (uid, affiliation) VALUES ('wthompson','staff');
INSERT INTO SIS_PERSONS (uid, surname, givenName, fullName, department, mail) VALUES ('kvales40','Vales','Karl','Karl Vales','Business','kvales40@example.edu');
INSERT INTO SIS_AFFILIATIONS (uid, affiliation) VALUES ('kvales40','community');
INSERT INTO SIS_PERSONS (uid, surname, givenName, fullName, department, mail) VALUES ('blee','Lee','Bill','Bill Lee','Engineering','blee@example.edu');
INSERT INTO SIS_AFFILIATIONS (uid, affiliation) VALUES ('blee','member');
INSERT INTO SIS_AFFILIATIONS (uid, affiliation) VALUES ('blee','community');
INSERT INTO SIS_PERSONS (uid, surname, givenName, fullName, department, mail) VALUES ('mlee','Lee','Marie','Marie Lee','Information Technology','mlee@example.edu');
INSERT INTO SIS_AFFILIATIONS (uid, affiliation) VALUES ('mlee','staff');
INSERT INTO SIS_PERSONS (uid, surname, givenName, fullName, department, mail) VALUES ('kclark','Clark','Kiersten','Kiersten Clark','Financial Aid','kclark@example.edu');
INSERT INTO SIS_AFFILIATIONS (uid, affiliation) VALUES ('kclark','staff');
INSERT INTO SIS_PERSONS (uid, surname, givenName, fullName, department, mail) VALUES ('wscott','Scott','William','William Scott','Language Arts','wscott@example.edu');
INSERT INTO SIS_AFFILIATIONS (uid, affiliation) VALUES ('wscott','community');
INSERT INTO SIS_PERSONS (uid, surname, givenName, fullName, department, mail) VALUES ('dbutler','Butler','Donna','Donna Butler','Financial Aid','dbutler@example.edu');
INSERT INTO SIS_AFFILIATIONS (uid, affiliation) VALUES ('dbutler','community');
INSERT INTO SIS_PERSONS (uid, surname, givenName, fullName, department, mail) VALUES ('awhite','White','Ann','Ann White','Purchasing','awhite@example.edu');
INSERT INTO SIS_AFFILIATIONS (uid, affiliation) VALUES ('awhite','faculty');
INSERT INTO SIS_AFFILIATIONS (uid, affiliation) VALUES ('awhite','alum');
INSERT INTO SIS_PERSONS (uid, surname, givenName, fullName, department, mail) VALUES ('hdoe','Doe','Heather','Heather Doe','Financial Aid','hdoe@example.edu');
INSERT INTO SIS_AFFILIATIONS (uid, affiliation) VALUES ('hdoe','community');
INSERT INTO SIS_AFFILIATIONS (uid, affiliation) VALUES ('hdoe','alum');
INSERT INTO SIS_PERSONS (uid, surname, givenName, fullName, department, mail) VALUES ('dlangenberg','Langenberg','David','David Langenberg','Language Arts','dlangenberg@example.edu');
INSERT INTO SIS_AFFILIATIONS (uid, affiliation) VALUES ('dlangenberg','alum');
INSERT INTO SIS_AFFILIATIONS (uid, affiliation) VALUES ('dlangenberg','faculty');
INSERT INTO SIS_PERSONS (uid, surname, givenName, fullName, department, mail) VALUES ('ethompson','Thompson','Eric','Eric Thompson','Law','ethompson@example.edu');
INSERT INTO SIS_AFFILIATIONS (uid, affiliation) VALUES ('ethompson','member');
INSERT INTO SIS_PERSONS (uid, surname, givenName, fullName, department, mail) VALUES ('jbrown50','Brown','Jennifer','Jennifer Brown','Account Payable','jbrown50@example.edu');
INSERT INTO SIS_AFFILIATIONS (uid, affiliation) VALUES ('jbrown50','alum');
INSERT INTO SIS_AFFILIATIONS (uid, affiliation) VALUES ('jbrown50','staff');
INSERT INTO SIS_PERSONS (uid, surname, givenName, fullName, department, mail) VALUES ('mgonazles','Gonazles','Michael','Michael Gonazles','Computer Science','mgonazles@example.edu');
INSERT INTO SIS_AFFILIATIONS (uid, affiliation) VALUES ('mgonazles','student');
INSERT INTO SIS_AFFILIATIONS (uid, affiliation) VALUES ('mgonazles','community');
INSERT INTO SIS_PERSONS (uid, surname, givenName, fullName, department, mail) VALUES ('gbutler','Butler','Greg','Greg Butler','Information Technology','gbutler@example.edu');
INSERT INTO SIS_AFFILIATIONS (uid, affiliation) VALUES ('gbutler','community');
INSERT INTO SIS_AFFILIATIONS (uid, affiliation) VALUES ('gbutler','staff');
INSERT INTO SIS_PERSONS (uid, surname, givenName, fullName, department, mail) VALUES ('mvales','Vales','Mark','Mark Vales','Engineering','mvales@example.edu');
INSERT INTO SIS_AFFILIATIONS (uid, affiliation) VALUES ('mvales','student');
INSERT INTO SIS_PERSONS (uid, surname, givenName, fullName, department, mail) VALUES ('mlewis','Lewis','Michael','Michael Lewis','Information Technology','mlewis@example.edu');
INSERT INTO SIS_AFFILIATIONS (uid, affiliation) VALUES ('mlewis','student');
INSERT INTO SIS_PERSONS (uid, surname, givenName, fullName, department, mail) VALUES ('hvales','Vales','Heather','Heather Vales','Information Technology','hvales@example.edu');
INSERT INTO SIS_AFFILIATIONS (uid, affiliation) VALUES ('hvales','community');
INSERT INTO SIS_PERSONS (uid, surname, givenName, fullName, department, mail) VALUES ('jscott56','Scott','Jo','Jo Scott','Purchasing','jscott56@example.edu');
INSERT INTO SIS_AFFILIATIONS (uid, affiliation) VALUES ('jscott56','faculty');
INSERT INTO SIS_AFFILIATIONS (uid, affiliation) VALUES ('jscott56','alum');
INSERT INTO SIS_PERSONS (uid, surname, givenName, fullName, department, mail) VALUES ('sdoe','Doe','Sarah','Sarah Doe','Business','sdoe@example.edu');
INSERT INTO SIS_AFFILIATIONS (uid, affiliation) VALUES ('sdoe','member');
INSERT INTO SIS_AFFILIATIONS (uid, affiliation) VALUES ('sdoe','student');
INSERT INTO SIS_PERSONS (uid, surname, givenName, fullName, department, mail) VALUES ('svales','Vales','Sarah','Sarah Vales','Advising','svales@example.edu');
INSERT INTO SIS_AFFILIATIONS (uid, affiliation) VALUES ('svales','student');
INSERT INTO SIS_PERSONS (uid, surname, givenName, fullName, department, mail) VALUES ('hmorrison','Morrison','Heather','Heather Morrison','Engineering','hmorrison@example.edu');
INSERT INTO SIS_AFFILIATIONS (uid, affiliation) VALUES ('hmorrison','faculty');
INSERT INTO SIS_AFFILIATIONS (uid, affiliation) VALUES ('hmorrison','student');
INSERT INTO SIS_PERSONS (uid, surname, givenName, fullName, department, mail) VALUES ('jlopez','Lopez','Jennifer','Jennifer Lopez','Language Arts','jlopez@example.edu');
INSERT INTO SIS_AFFILIATIONS (uid, affiliation) VALUES ('jlopez','alum');
INSERT INTO SIS_AFFILIATIONS (uid, affiliation) VALUES ('jlopez','faculty');
INSERT INTO SIS_PERSONS (uid, surname, givenName, fullName, department, mail) VALUES ('dlangenberg61','Langenberg','Donna','Donna Langenberg','Law','dlangenberg61@example.edu');
INSERT INTO SIS_AFFILIATIONS (uid, affiliation) VALUES ('dlangenberg61','student');
INSERT INTO SIS_AFFILIATIONS (uid, affiliation) VALUES ('dlangenberg61','staff');
INSERT INTO SIS_PERSONS (uid, surname, givenName, fullName, department, mail) VALUES ('bgrady','Grady','Betty','Betty Grady','Accounting','bgrady@example.edu');
INSERT INTO SIS_AFFILIATIONS (uid, affiliation) VALUES ('bgrady','alum');
INSERT INTO SIS_PERSONS (uid, surname, givenName, fullName, department, mail) VALUES ('jmorrison','Morrison','Jennifer','Jennifer Morrison','Law','jmorrison@example.edu');
INSERT INTO SIS_AFFILIATIONS (uid, affiliation) VALUES ('jmorrison','staff');
INSERT INTO SIS_PERSONS (uid, surname, givenName, fullName, department, mail) VALUES ('wvales','Vales','William','William Vales','Law','wvales@example.edu');
INSERT INTO SIS_AFFILIATIONS (uid, affiliation) VALUES ('wvales','member');
INSERT INTO SIS_PERSONS (uid, surname, givenName, fullName, department, mail) VALUES ('mmartinez','Martinez','Mark','Mark Martinez','Physical Education','mmartinez@example.edu');
INSERT INTO SIS_AFFILIATIONS (uid, affiliation) VALUES ('mmartinez','alum');
INSERT INTO SIS_PERSONS (uid, surname, givenName, fullName, department, mail) VALUES ('jmartinez','Martinez','Jennifer','Jennifer Martinez','Information Technology','jmartinez@example.edu');
INSERT INTO SIS_AFFILIATIONS (uid, affiliation) VALUES ('jmartinez','community');
INSERT INTO SIS_AFFILIATIONS (uid, affiliation) VALUES ('jmartinez','member');
INSERT INTO SIS_PERSONS (uid, surname, givenName, fullName, department, mail) VALUES ('mgasper67','Gasper','Mary','Mary Gasper','Computer Science','mgasper67@example.edu');
INSERT INTO SIS_AFFILIATIONS (uid, affiliation) VALUES ('mgasper67','staff');
INSERT INTO SIS_PERSONS (uid, surname, givenName, fullName, department, mail) VALUES ('dpeterson','Peterson','David','David Peterson','Advising','dpeterson@example.edu');
INSERT INTO SIS_AFFILIATIONS (uid, affiliation) VALUES ('dpeterson','student');
INSERT INTO SIS_AFFILIATIONS (uid, affiliation) VALUES ('dpeterson','alum');
INSERT INTO SIS_PERSONS (uid, surname, givenName, fullName, department, mail) VALUES ('eprice','Price','Erik','Erik Price','Business','eprice@example.edu');
INSERT INTO SIS_AFFILIATIONS (uid, affiliation) VALUES ('eprice','alum');
INSERT INTO SIS_PERSONS (uid, surname, givenName, fullName, department, mail) VALUES ('jgasper','Gasper','James','James Gasper','Accounting','jgasper@example.edu');
INSERT INTO SIS_AFFILIATIONS (uid, affiliation) VALUES ('jgasper','staff');
INSERT INTO SIS_AFFILIATIONS (uid, affiliation) VALUES ('jgasper','alum');
INSERT INTO SIS_PERSONS (uid, surname, givenName, fullName, department, mail) VALUES ('jclark','Clark','Jennifer','Jennifer Clark','Business','jclark@example.edu');
INSERT INTO SIS_AFFILIATIONS (uid, affiliation) VALUES ('jclark','faculty');
INSERT INTO SIS_AFFILIATIONS (uid, affiliation) VALUES ('jclark','member');
INSERT INTO SIS_PERSONS (uid, surname, givenName, fullName, department, mail) VALUES ('bpeterson','Peterson','Betty','Betty Peterson','Account Payable','bpeterson@example.edu');
INSERT INTO SIS_AFFILIATIONS (uid, affiliation) VALUES ('bpeterson','alum');
INSERT INTO SIS_AFFILIATIONS (uid, affiliation) VALUES ('bpeterson','community');
INSERT INTO SIS_PERSONS (uid, surname, givenName, fullName, department, mail) VALUES ('wsmith','Smith','William','William Smith','Information Technology','wsmith@example.edu');
INSERT INTO SIS_AFFILIATIONS (uid, affiliation) VALUES ('wsmith','faculty');
INSERT INTO SIS_PERSONS (uid, surname, givenName, fullName, department, mail) VALUES ('lwilliams','Williams','Lisa','Lisa Williams','Purchasing','lwilliams@example.edu');
INSERT INTO SIS_AFFILIATIONS (uid, affiliation) VALUES ('lwilliams','faculty');
INSERT INTO SIS_PERSONS (uid, surname, givenName, fullName, department, mail) VALUES ('dgrady76','Grady','David','David Grady','Physical Education','dgrady76@example.edu');
INSERT INTO SIS_AFFILIATIONS (uid, affiliation) VALUES ('dgrady76','member');
INSERT INTO SIS_PERSONS (uid, surname, givenName, fullName, department, mail) VALUES ('jmartinez77','Martinez','Jo','Jo Martinez','Law','jmartinez77@example.edu');
INSERT INTO SIS_AFFILIATIONS (uid, affiliation) VALUES ('jmartinez77','faculty');
INSERT INTO SIS_AFFILIATIONS (uid, affiliation) VALUES ('jmartinez77','alum');
INSERT INTO SIS_PERSONS (uid, surname, givenName, fullName, department, mail) VALUES ('dlewis','Lewis','Donna','Donna Lewis','Financial Aid','dlewis@example.edu');
INSERT INTO SIS_AFFILIATIONS (uid, affiliation) VALUES ('dlewis','community');
INSERT INTO SIS_AFFILIATIONS (uid, affiliation) VALUES ('dlewis','member');
INSERT INTO SIS_PERSONS (uid, surname, givenName, fullName, department, mail) VALUES ('wscott79','Scott','William','William Scott','Account Payable','wscott79@example.edu');
INSERT INTO SIS_AFFILIATIONS (uid, affiliation) VALUES ('wscott79','faculty');
INSERT INTO SIS_AFFILIATIONS (uid, affiliation) VALUES ('wscott79','staff');
INSERT INTO SIS_PERSONS (uid, surname, givenName, fullName, department, mail) VALUES ('ddoe','Doe','Donna','Donna Doe','Physical Education','ddoe@example.edu');
INSERT INTO SIS_AFFILIATIONS (uid, affiliation) VALUES ('ddoe','student');
INSERT INTO SIS_AFFILIATIONS (uid, affiliation) VALUES ('ddoe','community');
INSERT INTO SIS_PERSONS (uid, surname, givenName, fullName, department, mail) VALUES ('gmorrison','Morrison','Greg','Greg Morrison','Language Arts','gmorrison@example.edu');
INSERT INTO SIS_AFFILIATIONS (uid, affiliation) VALUES ('gmorrison','staff');
INSERT INTO SIS_AFFILIATIONS (uid, affiliation) VALUES ('gmorrison','faculty');
INSERT INTO SIS_PERSONS (uid, surname, givenName, fullName, department, mail) VALUES ('khenderson','Henderson','Kim','Kim Henderson','Account Payable','khenderson@example.edu');
INSERT INTO SIS_AFFILIATIONS (uid, affiliation) VALUES ('khenderson','member');
INSERT INTO SIS_AFFILIATIONS (uid, affiliation) VALUES ('khenderson','community');
INSERT INTO SIS_PERSONS (uid, surname, givenName, fullName, department, mail) VALUES ('kpeterson','Peterson','Karoline','Karoline Peterson','Accounting','kpeterson@example.edu');
INSERT INTO SIS_AFFILIATIONS (uid, affiliation) VALUES ('kpeterson','community');
INSERT INTO SIS_PERSONS (uid, surname, givenName, fullName, department, mail) VALUES ('eprice84','Price','Erik','Erik Price','Computer Science','eprice84@example.edu');
INSERT INTO SIS_AFFILIATIONS (uid, affiliation) VALUES ('eprice84','faculty');
INSERT INTO SIS_PERSONS (uid, surname, givenName, fullName, department, mail) VALUES ('hsmith','Smith','Heather','Heather Smith','Business','hsmith@example.edu');
INSERT INTO SIS_AFFILIATIONS (uid, affiliation) VALUES ('hsmith','faculty');
INSERT INTO SIS_AFFILIATIONS (uid, affiliation) VALUES ('hsmith','staff');
INSERT INTO SIS_PERSONS (uid, surname, givenName, fullName, department, mail) VALUES ('dwilliams','Williams','Donna','Donna Williams','Financial Aid','dwilliams@example.edu');
INSERT INTO SIS_AFFILIATIONS (uid, affiliation) VALUES ('dwilliams','alum');
INSERT INTO SIS_AFFILIATIONS (uid, affiliation) VALUES ('dwilliams','staff');
INSERT INTO SIS_PERSONS (uid, surname, givenName, fullName, department, mail) VALUES ('klopez','Lopez','Karl','Karl Lopez','Advising','klopez@example.edu');
INSERT INTO SIS_AFFILIATIONS (uid, affiliation) VALUES ('klopez','staff');
INSERT INTO SIS_AFFILIATIONS (uid, affiliation) VALUES ('klopez','community');
INSERT INTO SIS_PERSONS (uid, surname, givenName, fullName, department, mail) VALUES ('wjohnson','Johnson','William','William Johnson','Accounting','wjohnson@example.edu');
INSERT INTO SIS_AFFILIATIONS (uid, affiliation) VALUES ('wjohnson','staff');
INSERT INTO SIS_PERSONS (uid, surname, givenName, fullName, department, mail) VALUES ('wbrown','Brown','William','William Brown','Physical Education','wbrown@example.edu');
INSERT INTO SIS_AFFILIATIONS (uid, affiliation) VALUES ('wbrown','member');
INSERT INTO SIS_PERSONS (uid, surname, givenName, fullName, department, mail) VALUES ('hbrown','Brown','Heather','Heather Brown','Law','hbrown@example.edu');
INSERT INTO SIS_AFFILIATIONS (uid, affiliation) VALUES ('hbrown','faculty');
INSERT INTO SIS_PERSONS (uid, surname, givenName, fullName, department, mail) VALUES ('kroberts','Roberts','Kim','Kim Roberts','Account Payable','kroberts@example.edu');
INSERT INTO SIS_AFFILIATIONS (uid, affiliation) VALUES ('kroberts','community');
INSERT INTO SIS_PERSONS (uid, surname, givenName, fullName, department, mail) VALUES ('dwalters','Walters','Donna','Donna Walters','Advising','dwalters@example.edu');
INSERT INTO SIS_AFFILIATIONS (uid, affiliation) VALUES ('dwalters','community');
INSERT INTO SIS_PERSONS (uid, surname, givenName, fullName, department, mail) VALUES ('nlee','Lee','Nancy','Nancy Lee','Computer Science','nlee@example.edu');
INSERT INTO SIS_AFFILIATIONS (uid, affiliation) VALUES ('nlee','faculty');
INSERT INTO SIS_AFFILIATIONS (uid, affiliation) VALUES ('nlee','member');
INSERT INTO SIS_PERSONS (uid, surname, givenName, fullName, department, mail) VALUES ('sgonazles','Gonazles','Sarah','Sarah Gonazles','Computer Science','sgonazles@example.edu');
INSERT INTO SIS_AFFILIATIONS (uid, affiliation) VALUES ('sgonazles','faculty');
INSERT INTO SIS_PERSONS (uid, surname, givenName, fullName, department, mail) VALUES ('handerson','Anderson','Heather','Heather Anderson','Purchasing','handerson@example.edu');
INSERT INTO SIS_AFFILIATIONS (uid, affiliation) VALUES ('handerson','member');
INSERT INTO SIS_PERSONS (uid, surname, givenName, fullName, department, mail) VALUES ('danderson96','Anderson','David','David Anderson','Advising','danderson96@example.edu');
INSERT INTO SIS_AFFILIATIONS (uid, affiliation) VALUES ('danderson96','alum');
INSERT INTO SIS_PERSONS (uid, surname, givenName, fullName, department, mail) VALUES ('dgrady97','Grady','David','David Grady','Advising','dgrady97@example.edu');
INSERT INTO SIS_AFFILIATIONS (uid, affiliation) VALUES ('dgrady97','community');
INSERT INTO SIS_PERSONS (uid, surname, givenName, fullName, department, mail) VALUES ('jgrady','Grady','James','James Grady','Purchasing','jgrady@example.edu');
INSERT INTO SIS_AFFILIATIONS (uid, affiliation) VALUES ('jgrady','student');

CREATE TABLE SIS_COURSES (
    uid VARCHAR(255) NOT NULL,
    surname VARCHAR(255) DEFAULT NULL,
    givenName VARCHAR(255) DEFAULT NULL,
    courseId VARCHAR(255) NOT NULL,
    PRIMARY KEY (uid , courseId)
);

INSERT INTO SIS_COURSES (uid, surname, givenName, courseId) VALUES ('agasper','Gasper','Ann','MATH100');
INSERT INTO SIS_COURSES (uid, surname, givenName, courseId) VALUES ('ahenderson','Henderson','Ann','MATH101');
INSERT INTO SIS_COURSES (uid, surname, givenName, courseId) VALUES ('ahenderson','Henderson','Ann','SCI404');
INSERT INTO SIS_COURSES (uid, surname, givenName, courseId) VALUES ('amorrison','Morrison','Ann','ACCT101');
INSERT INTO SIS_COURSES (uid, surname, givenName, courseId) VALUES ('amorrison','Morrison','Ann','CS251');
INSERT INTO SIS_COURSES (uid, surname, givenName, courseId) VALUES ('amorrison','Morrison','Ann','MATH101');
INSERT INTO SIS_COURSES (uid, surname, givenName, courseId) VALUES ('amorrison30','Morrison','Ann','MATH101');
INSERT INTO SIS_COURSES (uid, surname, givenName, courseId) VALUES ('avales','Vales','Ann','ACCT101');
INSERT INTO SIS_COURSES (uid, surname, givenName, courseId) VALUES ('awhite','White','Ann','ACCT101');
INSERT INTO SIS_COURSES (uid, surname, givenName, courseId) VALUES ('awhite','White','Ann','CS251');
INSERT INTO SIS_COURSES (uid, surname, givenName, courseId) VALUES ('bbutler','Butler','Betty','ACCT101');
INSERT INTO SIS_COURSES (uid, surname, givenName, courseId) VALUES ('bbutler','Butler','Betty','CS251');
INSERT INTO SIS_COURSES (uid, surname, givenName, courseId) VALUES ('bbutler','Butler','Betty','MATH100');
INSERT INTO SIS_COURSES (uid, surname, givenName, courseId) VALUES ('bbutler','Butler','Betty','SCI123');
INSERT INTO SIS_COURSES (uid, surname, givenName, courseId) VALUES ('bdoe','Doe','Blake','ACCT101');
INSERT INTO SIS_COURSES (uid, surname, givenName, courseId) VALUES ('bdoe','Doe','Blake','CS251');
INSERT INTO SIS_COURSES (uid, surname, givenName, courseId) VALUES ('bdoe','Doe','Blake','CS252');
INSERT INTO SIS_COURSES (uid, surname, givenName, courseId) VALUES ('bdoe','Doe','Blake','SCI404');
INSERT INTO SIS_COURSES (uid, surname, givenName, courseId) VALUES ('bgasper','Gasper','Bill','CS251');
INSERT INTO SIS_COURSES (uid, surname, givenName, courseId) VALUES ('bgasper','Gasper','Bill','MATH100');
INSERT INTO SIS_COURSES (uid, surname, givenName, courseId) VALUES ('bgasper28','Gasper','Bill','ACCT101');
INSERT INTO SIS_COURSES (uid, surname, givenName, courseId) VALUES ('bgasper28','Gasper','Bill','MATH100');
INSERT INTO SIS_COURSES (uid, surname, givenName, courseId) VALUES ('bgrady','Grady','Betty','ACCT101');
INSERT INTO SIS_COURSES (uid, surname, givenName, courseId) VALUES ('bgrady','Grady','Betty','MATH101');
INSERT INTO SIS_COURSES (uid, surname, givenName, courseId) VALUES ('bgrady','Grady','Betty','SCI123');
INSERT INTO SIS_COURSES (uid, surname, givenName, courseId) VALUES ('blee','Lee','Bill','ACCT201');
INSERT INTO SIS_COURSES (uid, surname, givenName, courseId) VALUES ('blee','Lee','Bill','CS252');
INSERT INTO SIS_COURSES (uid, surname, givenName, courseId) VALUES ('blee','Lee','Bill','MATH100');
INSERT INTO SIS_COURSES (uid, surname, givenName, courseId) VALUES ('bpeterson','Peterson','Betty','CS252');
INSERT INTO SIS_COURSES (uid, surname, givenName, courseId) VALUES ('bpeterson','Peterson','Betty','SCI123');
INSERT INTO SIS_COURSES (uid, surname, givenName, courseId) VALUES ('cmorrison','Morrison','Colin','ACCT101');
INSERT INTO SIS_COURSES (uid, surname, givenName, courseId) VALUES ('cmorrison','Morrison','Colin','ACCT201');
INSERT INTO SIS_COURSES (uid, surname, givenName, courseId) VALUES ('cmorrison','Morrison','Colin','CS251');
INSERT INTO SIS_COURSES (uid, surname, givenName, courseId) VALUES ('cmorrison','Morrison','Colin','MATH101');
INSERT INTO SIS_COURSES (uid, surname, givenName, courseId) VALUES ('danderson','Anderson','Donna','ACCT201');
INSERT INTO SIS_COURSES (uid, surname, givenName, courseId) VALUES ('danderson','Anderson','Donna','MATH100');
INSERT INTO SIS_COURSES (uid, surname, givenName, courseId) VALUES ('danderson','Anderson','Donna','SCI123');
INSERT INTO SIS_COURSES (uid, surname, givenName, courseId) VALUES ('danderson96','Anderson','David','ACCT101');
INSERT INTO SIS_COURSES (uid, surname, givenName, courseId) VALUES ('danderson96','Anderson','David','CS252');
INSERT INTO SIS_COURSES (uid, surname, givenName, courseId) VALUES ('danderson96','Anderson','David','MATH101');
INSERT INTO SIS_COURSES (uid, surname, givenName, courseId) VALUES ('danderson96','Anderson','David','SCI123');
INSERT INTO SIS_COURSES (uid, surname, givenName, courseId) VALUES ('dbutler','Butler','Donna','ACCT101');
INSERT INTO SIS_COURSES (uid, surname, givenName, courseId) VALUES ('dbutler','Butler','Donna','CS252');
INSERT INTO SIS_COURSES (uid, surname, givenName, courseId) VALUES ('dbutler','Butler','Donna','MATH101');
INSERT INTO SIS_COURSES (uid, surname, givenName, courseId) VALUES ('ddavis','Davis','David','CS251');
INSERT INTO SIS_COURSES (uid, surname, givenName, courseId) VALUES ('ddavis','Davis','David','MATH100');
INSERT INTO SIS_COURSES (uid, surname, givenName, courseId) VALUES ('ddavis27','Davis','Donna','ACCT201');
INSERT INTO SIS_COURSES (uid, surname, givenName, courseId) VALUES ('ddavis27','Davis','Donna','CS252');
INSERT INTO SIS_COURSES (uid, surname, givenName, courseId) VALUES ('ddavis27','Davis','Donna','SCI123');
INSERT INTO SIS_COURSES (uid, surname, givenName, courseId) VALUES ('ddavis27','Davis','Donna','SCI404');
INSERT INTO SIS_COURSES (uid, surname, givenName, courseId) VALUES ('ddoe','Doe','Donna','ACCT101');
INSERT INTO SIS_COURSES (uid, surname, givenName, courseId) VALUES ('ddoe','Doe','Donna','ACCT201');
INSERT INTO SIS_COURSES (uid, surname, givenName, courseId) VALUES ('ddoe','Doe','Donna','MATH101');
INSERT INTO SIS_COURSES (uid, surname, givenName, courseId) VALUES ('ddoe','Doe','Donna','SCI123');
INSERT INTO SIS_COURSES (uid, surname, givenName, courseId) VALUES ('dgrady','Grady','David','ACCT201');
INSERT INTO SIS_COURSES (uid, surname, givenName, courseId) VALUES ('dgrady','Grady','David','SCI404');
INSERT INTO SIS_COURSES (uid, surname, givenName, courseId) VALUES ('dgrady76','Grady','David','CS251');
INSERT INTO SIS_COURSES (uid, surname, givenName, courseId) VALUES ('dgrady76','Grady','David','CS252');
INSERT INTO SIS_COURSES (uid, surname, givenName, courseId) VALUES ('dgrady76','Grady','David','MATH100');
INSERT INTO SIS_COURSES (uid, surname, givenName, courseId) VALUES ('dgrady97','Grady','David','ACCT201');
INSERT INTO SIS_COURSES (uid, surname, givenName, courseId) VALUES ('dgrady97','Grady','David','CS252');
INSERT INTO SIS_COURSES (uid, surname, givenName, courseId) VALUES ('dlangenberg','Langenberg','David','ACCT101');
INSERT INTO SIS_COURSES (uid, surname, givenName, courseId) VALUES ('dlangenberg','Langenberg','David','MATH100');
INSERT INTO SIS_COURSES (uid, surname, givenName, courseId) VALUES ('dlangenberg','Langenberg','David','MATH101');
INSERT INTO SIS_COURSES (uid, surname, givenName, courseId) VALUES ('dlangenberg61','Langenberg','Donna','CS251');
INSERT INTO SIS_COURSES (uid, surname, givenName, courseId) VALUES ('dlangenberg61','Langenberg','Donna','CS252');
INSERT INTO SIS_COURSES (uid, surname, givenName, courseId) VALUES ('dlewis','Lewis','Donna','CS251');
INSERT INTO SIS_COURSES (uid, surname, givenName, courseId) VALUES ('dlewis','Lewis','Donna','CS252');
INSERT INTO SIS_COURSES (uid, surname, givenName, courseId) VALUES ('dlewis','Lewis','Donna','MATH101');
INSERT INTO SIS_COURSES (uid, surname, givenName, courseId) VALUES ('dlewis','Lewis','Donna','SCI404');
INSERT INTO SIS_COURSES (uid, surname, givenName, courseId) VALUES ('dlopez','Lopez','David','ACCT101');
INSERT INTO SIS_COURSES (uid, surname, givenName, courseId) VALUES ('dlopez','Lopez','David','CS251');
INSERT INTO SIS_COURSES (uid, surname, givenName, courseId) VALUES ('dlopez','Lopez','David','MATH101');
INSERT INTO SIS_COURSES (uid, surname, givenName, courseId) VALUES ('dpeterson','Peterson','David','MATH101');
INSERT INTO SIS_COURSES (uid, surname, givenName, courseId) VALUES ('dpeterson','Peterson','David','SCI123');
INSERT INTO SIS_COURSES (uid, surname, givenName, courseId) VALUES ('dwalters','Walters','Donna','MATH100');
INSERT INTO SIS_COURSES (uid, surname, givenName, courseId) VALUES ('dwilliams','Williams','Donna','ACCT101');
INSERT INTO SIS_COURSES (uid, surname, givenName, courseId) VALUES ('dwilliams','Williams','Donna','SCI123');
INSERT INTO SIS_COURSES (uid, surname, givenName, courseId) VALUES ('eprice','Price','Erik','ACCT201');
INSERT INTO SIS_COURSES (uid, surname, givenName, courseId) VALUES ('eprice','Price','Erik','MATH100');
INSERT INTO SIS_COURSES (uid, surname, givenName, courseId) VALUES ('eprice','Price','Erik','SCI123');
INSERT INTO SIS_COURSES (uid, surname, givenName, courseId) VALUES ('eprice84','Price','Erik','SCI123');
INSERT INTO SIS_COURSES (uid, surname, givenName, courseId) VALUES ('ethompson','Thompson','Eric','ACCT101');
INSERT INTO SIS_COURSES (uid, surname, givenName, courseId) VALUES ('ethompson','Thompson','Eric','ACCT201');
INSERT INTO SIS_COURSES (uid, surname, givenName, courseId) VALUES ('ethompson','Thompson','Eric','MATH101');
INSERT INTO SIS_COURSES (uid, surname, givenName, courseId) VALUES ('ethompson','Thompson','Eric','SCI404');
INSERT INTO SIS_COURSES (uid, surname, givenName, courseId) VALUES ('gbutler','Butler','Greg','ACCT201');
INSERT INTO SIS_COURSES (uid, surname, givenName, courseId) VALUES ('gbutler','Butler','Greg','MATH101');
INSERT INTO SIS_COURSES (uid, surname, givenName, courseId) VALUES ('gbutler','Butler','Greg','SCI123');
INSERT INTO SIS_COURSES (uid, surname, givenName, courseId) VALUES ('ggonazles','Gonazles','Greg','ACCT101');
INSERT INTO SIS_COURSES (uid, surname, givenName, courseId) VALUES ('ggonazles','Gonazles','Greg','MATH100');
INSERT INTO SIS_COURSES (uid, surname, givenName, courseId) VALUES ('gjohnson','Johnson','Greg','ACCT101');
INSERT INTO SIS_COURSES (uid, surname, givenName, courseId) VALUES ('gjohnson','Johnson','Greg','MATH100');
INSERT INTO SIS_COURSES (uid, surname, givenName, courseId) VALUES ('gjohnson','Johnson','Greg','SCI123');
INSERT INTO SIS_COURSES (uid, surname, givenName, courseId) VALUES ('gmorrison','Morrison','Greg','ACCT101');
INSERT INTO SIS_COURSES (uid, surname, givenName, courseId) VALUES ('gmorrison','Morrison','Greg','CS251');
INSERT INTO SIS_COURSES (uid, surname, givenName, courseId) VALUES ('gmorrison','Morrison','Greg','SCI123');
INSERT INTO SIS_COURSES (uid, surname, givenName, courseId) VALUES ('gvales','Vales','Greg','CS251');
INSERT INTO SIS_COURSES (uid, surname, givenName, courseId) VALUES ('gvales','Vales','Greg','MATH101');
INSERT INTO SIS_COURSES (uid, surname, givenName, courseId) VALUES ('gvales','Vales','Greg','SCI404');
INSERT INTO SIS_COURSES (uid, surname, givenName, courseId) VALUES ('handerson','Anderson','Heather','CS251');
INSERT INTO SIS_COURSES (uid, surname, givenName, courseId) VALUES ('hbrown','Brown','Heather','ACCT201');
INSERT INTO SIS_COURSES (uid, surname, givenName, courseId) VALUES ('hbrown','Brown','Heather','CS251');
INSERT INTO SIS_COURSES (uid, surname, givenName, courseId) VALUES ('hbrown','Brown','Heather','SCI123');
INSERT INTO SIS_COURSES (uid, surname, givenName, courseId) VALUES ('hbrown','Brown','Heather','SCI404');
INSERT INTO SIS_COURSES (uid, surname, givenName, courseId) VALUES ('hdoe','Doe','Heather','CS251');
INSERT INTO SIS_COURSES (uid, surname, givenName, courseId) VALUES ('hdoe','Doe','Heather','MATH101');
INSERT INTO SIS_COURSES (uid, surname, givenName, courseId) VALUES ('hmorrison','Morrison','Heather','ACCT201');
INSERT INTO SIS_COURSES (uid, surname, givenName, courseId) VALUES ('hmorrison','Morrison','Heather','CS252');
INSERT INTO SIS_COURSES (uid, surname, givenName, courseId) VALUES ('hmorrison','Morrison','Heather','MATH101');
INSERT INTO SIS_COURSES (uid, surname, givenName, courseId) VALUES ('hmorrison','Morrison','Heather','SCI404');
INSERT INTO SIS_COURSES (uid, surname, givenName, courseId) VALUES ('hsmith','Smith','Heather','ACCT201');
INSERT INTO SIS_COURSES (uid, surname, givenName, courseId) VALUES ('hsmith','Smith','Heather','CS251');
INSERT INTO SIS_COURSES (uid, surname, givenName, courseId) VALUES ('hsmith','Smith','Heather','MATH100');
INSERT INTO SIS_COURSES (uid, surname, givenName, courseId) VALUES ('hsmith','Smith','Heather','SCI123');
INSERT INTO SIS_COURSES (uid, surname, givenName, courseId) VALUES ('hvales','Vales','Heather','ACCT101');
INSERT INTO SIS_COURSES (uid, surname, givenName, courseId) VALUES ('hvales','Vales','Heather','CS251');
INSERT INTO SIS_COURSES (uid, surname, givenName, courseId) VALUES ('hvales','Vales','Heather','SCI404');
INSERT INTO SIS_COURSES (uid, surname, givenName, courseId) VALUES ('hwhite','White','Heather','CS251');
INSERT INTO SIS_COURSES (uid, surname, givenName, courseId) VALUES ('hwhite','White','Heather','CS252');
INSERT INTO SIS_COURSES (uid, surname, givenName, courseId) VALUES ('hwhite','White','Heather','MATH100');
INSERT INTO SIS_COURSES (uid, surname, givenName, courseId) VALUES ('jbrown','Brown','James','MATH100');
INSERT INTO SIS_COURSES (uid, surname, givenName, courseId) VALUES ('jbrown14','Brown','Jennifer','MATH100');
INSERT INTO SIS_COURSES (uid, surname, givenName, courseId) VALUES ('jbrown14','Brown','Jennifer','MATH101');
INSERT INTO SIS_COURSES (uid, surname, givenName, courseId) VALUES ('jbrown50','Brown','Jennifer','MATH100');
INSERT INTO SIS_COURSES (uid, surname, givenName, courseId) VALUES ('jbrown50','Brown','Jennifer','SCI123');
INSERT INTO SIS_COURSES (uid, surname, givenName, courseId) VALUES ('jbrown50','Brown','Jennifer','SCI404');
INSERT INTO SIS_COURSES (uid, surname, givenName, courseId) VALUES ('jclark','Clark','Jennifer','CS252');
INSERT INTO SIS_COURSES (uid, surname, givenName, courseId) VALUES ('jclark','Clark','Jennifer','SCI404');
INSERT INTO SIS_COURSES (uid, surname, givenName, courseId) VALUES ('jgasper','Gasper','James','MATH100');
INSERT INTO SIS_COURSES (uid, surname, givenName, courseId) VALUES ('jgasper','Gasper','James','MATH101');
INSERT INTO SIS_COURSES (uid, surname, givenName, courseId) VALUES ('jgasper','Gasper','James','SCI123');
INSERT INTO SIS_COURSES (uid, surname, givenName, courseId) VALUES ('jgrady','Grady','James','ACCT201');
INSERT INTO SIS_COURSES (uid, surname, givenName, courseId) VALUES ('jgrady','Grady','James','SCI123');
INSERT INTO SIS_COURSES (uid, surname, givenName, courseId) VALUES ('jjohnson','Johnson','Jennifer','ACCT201');
INSERT INTO SIS_COURSES (uid, surname, givenName, courseId) VALUES ('jjohnson','Johnson','Jennifer','CS251');
INSERT INTO SIS_COURSES (uid, surname, givenName, courseId) VALUES ('jjohnson','Johnson','Jennifer','CS252');
INSERT INTO SIS_COURSES (uid, surname, givenName, courseId) VALUES ('jjohnson','Johnson','Jennifer','SCI123');
INSERT INTO SIS_COURSES (uid, surname, givenName, courseId) VALUES ('jlewis','Lewis','Jo','CS252');
INSERT INTO SIS_COURSES (uid, surname, givenName, courseId) VALUES ('jlewis','Lewis','Jo','MATH101');
INSERT INTO SIS_COURSES (uid, surname, givenName, courseId) VALUES ('jlewis','Lewis','Jo','SCI123');
INSERT INTO SIS_COURSES (uid, surname, givenName, courseId) VALUES ('jlopez','Lopez','Jennifer','ACCT101');
INSERT INTO SIS_COURSES (uid, surname, givenName, courseId) VALUES ('jlopez','Lopez','Jennifer','MATH100');
INSERT INTO SIS_COURSES (uid, surname, givenName, courseId) VALUES ('jlopez','Lopez','Jennifer','SCI404');
INSERT INTO SIS_COURSES (uid, surname, givenName, courseId) VALUES ('jmartinez','Martinez','Jennifer','ACCT101');
INSERT INTO SIS_COURSES (uid, surname, givenName, courseId) VALUES ('jmartinez','Martinez','Jennifer','CS252');
INSERT INTO SIS_COURSES (uid, surname, givenName, courseId) VALUES ('jmartinez','Martinez','Jennifer','SCI404');
INSERT INTO SIS_COURSES (uid, surname, givenName, courseId) VALUES ('jmartinez77','Martinez','Jo','SCI123');
INSERT INTO SIS_COURSES (uid, surname, givenName, courseId) VALUES ('jmorrison','Morrison','Jennifer','ACCT201');
INSERT INTO SIS_COURSES (uid, surname, givenName, courseId) VALUES ('jmorrison','Morrison','Jennifer','CS251');
INSERT INTO SIS_COURSES (uid, surname, givenName, courseId) VALUES ('jmorrison','Morrison','Jennifer','MATH100');
INSERT INTO SIS_COURSES (uid, surname, givenName, courseId) VALUES ('jmorrison','Morrison','Jennifer','SCI123');
INSERT INTO SIS_COURSES (uid, surname, givenName, courseId) VALUES ('jscott','Scott','Jennifer','MATH100');
INSERT INTO SIS_COURSES (uid, surname, givenName, courseId) VALUES ('jscott','Scott','Jennifer','MATH101');
INSERT INTO SIS_COURSES (uid, surname, givenName, courseId) VALUES ('jscott','Scott','Jennifer','SCI123');
INSERT INTO SIS_COURSES (uid, surname, givenName, courseId) VALUES ('jscott56','Scott','Jo','ACCT201');
INSERT INTO SIS_COURSES (uid, surname, givenName, courseId) VALUES ('jscott56','Scott','Jo','CS251');
INSERT INTO SIS_COURSES (uid, surname, givenName, courseId) VALUES ('kclark','Clark','Kiersten','ACCT201');
INSERT INTO SIS_COURSES (uid, surname, givenName, courseId) VALUES ('kclark','Clark','Kiersten','MATH100');
INSERT INTO SIS_COURSES (uid, surname, givenName, courseId) VALUES ('kclark','Clark','Kiersten','SCI123');
INSERT INTO SIS_COURSES (uid, surname, givenName, courseId) VALUES ('khenderson','Henderson','Kim','SCI404');
INSERT INTO SIS_COURSES (uid, surname, givenName, courseId) VALUES ('kjohnson','Johnson','Kiersten','CS252');
INSERT INTO SIS_COURSES (uid, surname, givenName, courseId) VALUES ('kjohnson','Johnson','Kiersten','SCI123');
INSERT INTO SIS_COURSES (uid, surname, givenName, courseId) VALUES ('klopez','Lopez','Karl','SCI123');
INSERT INTO SIS_COURSES (uid, surname, givenName, courseId) VALUES ('kmartinez','Martinez','Karl','ACCT101');
INSERT INTO SIS_COURSES (uid, surname, givenName, courseId) VALUES ('kmartinez','Martinez','Karl','ACCT201');
INSERT INTO SIS_COURSES (uid, surname, givenName, courseId) VALUES ('kmartinez','Martinez','Karl','SCI404');
INSERT INTO SIS_COURSES (uid, surname, givenName, courseId) VALUES ('kmorrison','Morrison','Kiersten','SCI404');
INSERT INTO SIS_COURSES (uid, surname, givenName, courseId) VALUES ('kpeterson','Peterson','Karoline','ACCT101');
INSERT INTO SIS_COURSES (uid, surname, givenName, courseId) VALUES ('kpeterson','Peterson','Karoline','ACCT201');
INSERT INTO SIS_COURSES (uid, surname, givenName, courseId) VALUES ('kpeterson','Peterson','Karoline','CS251');
INSERT INTO SIS_COURSES (uid, surname, givenName, courseId) VALUES ('kpeterson','Peterson','Karoline','SCI123');
INSERT INTO SIS_COURSES (uid, surname, givenName, courseId) VALUES ('kroberts','Roberts','Kim','ACCT201');
INSERT INTO SIS_COURSES (uid, surname, givenName, courseId) VALUES ('kroberts','Roberts','Kim','CS252');
INSERT INTO SIS_COURSES (uid, surname, givenName, courseId) VALUES ('kroberts','Roberts','Kim','SCI123');
INSERT INTO SIS_COURSES (uid, surname, givenName, courseId) VALUES ('kroberts','Roberts','Kim','SCI404');
INSERT INTO SIS_COURSES (uid, surname, givenName, courseId) VALUES ('kvales','Vales','Karoline','ACCT201');
INSERT INTO SIS_COURSES (uid, surname, givenName, courseId) VALUES ('kvales','Vales','Karoline','CS251');
INSERT INTO SIS_COURSES (uid, surname, givenName, courseId) VALUES ('kvales40','Vales','Karl','ACCT201');
INSERT INTO SIS_COURSES (uid, surname, givenName, courseId) VALUES ('kvales40','Vales','Karl','MATH101');
INSERT INTO SIS_COURSES (uid, surname, givenName, courseId) VALUES ('kvales40','Vales','Karl','SCI123');
INSERT INTO SIS_COURSES (uid, surname, givenName, courseId) VALUES ('kvales40','Vales','Karl','SCI404');
INSERT INTO SIS_COURSES (uid, surname, givenName, courseId) VALUES ('kwhite','White','Karl','ACCT201');
INSERT INTO SIS_COURSES (uid, surname, givenName, courseId) VALUES ('kwhite','White','Karl','CS252');
INSERT INTO SIS_COURSES (uid, surname, givenName, courseId) VALUES ('kwhite','White','Karl','MATH100');
INSERT INTO SIS_COURSES (uid, surname, givenName, courseId) VALUES ('kwhite','White','Karl','SCI404');
INSERT INTO SIS_COURSES (uid, surname, givenName, courseId) VALUES ('lwilliams','Williams','Lisa','CS251');
INSERT INTO SIS_COURSES (uid, surname, givenName, courseId) VALUES ('lwilliams','Williams','Lisa','SCI123');
INSERT INTO SIS_COURSES (uid, surname, givenName, courseId) VALUES ('lwilliams','Williams','Lisa','SCI404');
INSERT INTO SIS_COURSES (uid, surname, givenName, courseId) VALUES ('mgasper','Gasper','Mary','ACCT101');
INSERT INTO SIS_COURSES (uid, surname, givenName, courseId) VALUES ('mgasper','Gasper','Mary','CS251');
INSERT INTO SIS_COURSES (uid, surname, givenName, courseId) VALUES ('mgasper','Gasper','Mary','MATH100');
INSERT INTO SIS_COURSES (uid, surname, givenName, courseId) VALUES ('mgasper','Gasper','Mary','SCI123');
INSERT INTO SIS_COURSES (uid, surname, givenName, courseId) VALUES ('mgasper67','Gasper','Mary','CS251');
INSERT INTO SIS_COURSES (uid, surname, givenName, courseId) VALUES ('mgasper67','Gasper','Mary','CS252');
INSERT INTO SIS_COURSES (uid, surname, givenName, courseId) VALUES ('mgasper67','Gasper','Mary','MATH101');
INSERT INTO SIS_COURSES (uid, surname, givenName, courseId) VALUES ('mgasper67','Gasper','Mary','SCI123');
INSERT INTO SIS_COURSES (uid, surname, givenName, courseId) VALUES ('mgonazles','Gonazles','Michael','MATH101');
INSERT INTO SIS_COURSES (uid, surname, givenName, courseId) VALUES ('mlee','Lee','Marie','ACCT201');
INSERT INTO SIS_COURSES (uid, surname, givenName, courseId) VALUES ('mlee','Lee','Marie','CS252');
INSERT INTO SIS_COURSES (uid, surname, givenName, courseId) VALUES ('mlee','Lee','Marie','SCI404');
INSERT INTO SIS_COURSES (uid, surname, givenName, courseId) VALUES ('mlewis','Lewis','Michael','ACCT101');
INSERT INTO SIS_COURSES (uid, surname, givenName, courseId) VALUES ('mlewis','Lewis','Michael','ACCT201');
INSERT INTO SIS_COURSES (uid, surname, givenName, courseId) VALUES ('mlewis','Lewis','Michael','MATH100');
INSERT INTO SIS_COURSES (uid, surname, givenName, courseId) VALUES ('mlewis','Lewis','Michael','MATH101');
INSERT INTO SIS_COURSES (uid, surname, givenName, courseId) VALUES ('mmartinez','Martinez','Mark','ACCT101');
INSERT INTO SIS_COURSES (uid, surname, givenName, courseId) VALUES ('mmartinez','Martinez','Mark','ACCT201');
INSERT INTO SIS_COURSES (uid, surname, givenName, courseId) VALUES ('mmartinez','Martinez','Mark','MATH100');
INSERT INTO SIS_COURSES (uid, surname, givenName, courseId) VALUES ('mmartinez','Martinez','Mark','SCI123');
INSERT INTO SIS_COURSES (uid, surname, givenName, courseId) VALUES ('mroberts','Roberts','Marie','ACCT101');
INSERT INTO SIS_COURSES (uid, surname, givenName, courseId) VALUES ('mroberts','Roberts','Marie','CS251');
INSERT INTO SIS_COURSES (uid, surname, givenName, courseId) VALUES ('mroberts','Roberts','Marie','MATH101');
INSERT INTO SIS_COURSES (uid, surname, givenName, courseId) VALUES ('mroberts','Roberts','Marie','SCI123');
INSERT INTO SIS_COURSES (uid, surname, givenName, courseId) VALUES ('mthompson','Thompson','Mary','ACCT101');
INSERT INTO SIS_COURSES (uid, surname, givenName, courseId) VALUES ('mthompson','Thompson','Mary','CS251');
INSERT INTO SIS_COURSES (uid, surname, givenName, courseId) VALUES ('mthompson','Thompson','Mary','MATH100');
INSERT INTO SIS_COURSES (uid, surname, givenName, courseId) VALUES ('mthompson','Thompson','Mary','MATH101');
INSERT INTO SIS_COURSES (uid, surname, givenName, courseId) VALUES ('mvales','Vales','Mark','CS251');
INSERT INTO SIS_COURSES (uid, surname, givenName, courseId) VALUES ('mvales','Vales','Mark','CS252');
INSERT INTO SIS_COURSES (uid, surname, givenName, courseId) VALUES ('mvales','Vales','Mark','MATH101');
INSERT INTO SIS_COURSES (uid, surname, givenName, courseId) VALUES ('nhenderson','Henderson','Nancy','CS252');
INSERT INTO SIS_COURSES (uid, surname, givenName, courseId) VALUES ('nlee','Lee','Nancy','ACCT201');
INSERT INTO SIS_COURSES (uid, surname, givenName, courseId) VALUES ('nlee','Lee','Nancy','CS251');
INSERT INTO SIS_COURSES (uid, surname, givenName, courseId) VALUES ('nlee','Lee','Nancy','CS252');
INSERT INTO SIS_COURSES (uid, surname, givenName, courseId) VALUES ('nlee','Lee','Nancy','MATH100');
INSERT INTO SIS_COURSES (uid, surname, givenName, courseId) VALUES ('plangenberg','Langenberg','Paul','SCI123');
INSERT INTO SIS_COURSES (uid, surname, givenName, courseId) VALUES ('rmartinez','Martinez','Robert','CS252');
INSERT INTO SIS_COURSES (uid, surname, givenName, courseId) VALUES ('rmartinez','Martinez','Robert','SCI123');
INSERT INTO SIS_COURSES (uid, surname, givenName, courseId) VALUES ('sdoe','Doe','Sarah','ACCT101');
INSERT INTO SIS_COURSES (uid, surname, givenName, courseId) VALUES ('sdoe','Doe','Sarah','ACCT201');
INSERT INTO SIS_COURSES (uid, surname, givenName, courseId) VALUES ('sdoe','Doe','Sarah','MATH101');
INSERT INTO SIS_COURSES (uid, surname, givenName, courseId) VALUES ('sdoe','Doe','Sarah','SCI123');
INSERT INTO SIS_COURSES (uid, surname, givenName, courseId) VALUES ('sgonazles','Gonazles','Sarah','ACCT201');
INSERT INTO SIS_COURSES (uid, surname, givenName, courseId) VALUES ('sgonazles','Gonazles','Sarah','MATH101');
INSERT INTO SIS_COURSES (uid, surname, givenName, courseId) VALUES ('svales','Vales','Sarah','ACCT101');
INSERT INTO SIS_COURSES (uid, surname, givenName, courseId) VALUES ('svales','Vales','Sarah','MATH100');
INSERT INTO SIS_COURSES (uid, surname, givenName, courseId) VALUES ('tgrady','Grady','Thomas','CS252');
INSERT INTO SIS_COURSES (uid, surname, givenName, courseId) VALUES ('tgrady','Grady','Thomas','SCI123');
INSERT INTO SIS_COURSES (uid, surname, givenName, courseId) VALUES ('tmorrison','Morrison','Thomas','ACCT201');
INSERT INTO SIS_COURSES (uid, surname, givenName, courseId) VALUES ('tmorrison','Morrison','Thomas','CS252');
INSERT INTO SIS_COURSES (uid, surname, givenName, courseId) VALUES ('tmorrison','Morrison','Thomas','MATH101');
INSERT INTO SIS_COURSES (uid, surname, givenName, courseId) VALUES ('wbrown','Brown','William','MATH101');
INSERT INTO SIS_COURSES (uid, surname, givenName, courseId) VALUES ('whenderson','Henderson','William','ACCT101');
INSERT INTO SIS_COURSES (uid, surname, givenName, courseId) VALUES ('wjohnson','Johnson','William','CS252');
INSERT INTO SIS_COURSES (uid, surname, givenName, courseId) VALUES ('wjohnson','Johnson','William','MATH100');
INSERT INTO SIS_COURSES (uid, surname, givenName, courseId) VALUES ('wprice','Price','William','MATH100');
INSERT INTO SIS_COURSES (uid, surname, givenName, courseId) VALUES ('wprice','Price','William','SCI404');
INSERT INTO SIS_COURSES (uid, surname, givenName, courseId) VALUES ('wscott','Scott','William','SCI123');
INSERT INTO SIS_COURSES (uid, surname, givenName, courseId) VALUES ('wscott79','Scott','William','ACCT201');
INSERT INTO SIS_COURSES (uid, surname, givenName, courseId) VALUES ('wscott79','Scott','William','MATH101');
INSERT INTO SIS_COURSES (uid, surname, givenName, courseId) VALUES ('wsmith','Smith','William','ACCT101');
INSERT INTO SIS_COURSES (uid, surname, givenName, courseId) VALUES ('wsmith','Smith','William','SCI123');
INSERT INTO SIS_COURSES (uid, surname, givenName, courseId) VALUES ('wthompson','Thompson','William','SCI123');
INSERT INTO SIS_COURSES (uid, surname, givenName, courseId) VALUES ('wthompson','Thompson','William','SCI404');
INSERT INTO SIS_COURSES (uid, surname, givenName, courseId) VALUES ('wvales','Vales','William','MATH100');
INSERT INTO SIS_COURSES (uid, surname, givenName, courseId) VALUES ('wvales','Vales','William','SCI123');

