USE sis;

CREATE TABLE SIS_PERSONS (
    uid VARCHAR(255) NOT NULL,
    surname VARCHAR(255) DEFAULT NULL,
    givenName VARCHAR(255) DEFAULT NULL,
    fullName VARCHAR(255) DEFAULT NULL,
    department VARCHAR(255) DEFAULT NULL,
    mail VARCHAR(255) DEFAULT NULL,
    PRIMARY KEY (uid)
);

CREATE TABLE SIS_AFFILIATIONS (
    uid VARCHAR(255) NOT NULL,
    affiliation VARCHAR(255) NOT NULL,
    PRIMARY KEY (uid , affiliation)
);

INSERT INTO SIS_PERSONS (uid, surname, givenName, fullName, department, mail) VALUES ('100001','Smith','Joe','John Smith',NULL,NULL);
INSERT INTO SIS_PERSONS (uid, surname, givenName, fullName, department, mail) VALUES ('100002','Anderson','Bob','Bob Anderson',NULL,NULL);
INSERT INTO SIS_PERSONS (uid, surname, givenName, fullName, department, mail) VALUES ('100003','White','Karl','Karl White','Law','100003@example.edu');
INSERT INTO SIS_AFFILIATIONS (uid, affiliation) VALUES ('100003','member');
INSERT INTO SIS_AFFILIATIONS (uid, affiliation) VALUES ('100003','student');
INSERT INTO SIS_PERSONS (uid, surname, givenName, fullName, department, mail) VALUES ('100004','Henderson','William','William Henderson','Advising','100004@example.edu');
INSERT INTO SIS_AFFILIATIONS (uid, affiliation) VALUES ('100004','community');
INSERT INTO SIS_PERSONS (uid, surname, givenName, fullName, department, mail) VALUES ('100005','Davis','David','David Davis','Computer Science','100005@example.edu');
INSERT INTO SIS_AFFILIATIONS (uid, affiliation) VALUES ('100005','staff');
INSERT INTO SIS_PERSONS (uid, surname, givenName, fullName, department, mail) VALUES ('100006','Morrison','Colin','Colin Morrison','Financial Aid','100006@example.edu');
INSERT INTO SIS_AFFILIATIONS (uid, affiliation) VALUES ('100006','member');
INSERT INTO SIS_AFFILIATIONS (uid, affiliation) VALUES ('100006','faculty');
INSERT INTO SIS_PERSONS (uid, surname, givenName, fullName, department, mail) VALUES ('100007','Anderson','Donna','Donna Anderson','Account Payable','100007@example.edu');
INSERT INTO SIS_AFFILIATIONS (uid, affiliation) VALUES ('100007','member');
INSERT INTO SIS_PERSONS (uid, surname, givenName, fullName, department, mail) VALUES ('100008','Morrison','Ann','Ann Morrison','Law','100008@example.edu');
INSERT INTO SIS_AFFILIATIONS (uid, affiliation) VALUES ('100008','student');
INSERT INTO SIS_AFFILIATIONS (uid, affiliation) VALUES ('100008','alum');
INSERT INTO SIS_PERSONS (uid, surname, givenName, fullName, department, mail) VALUES ('100009','Price','William','William Price','Account Payable','100009@example.edu');
INSERT INTO SIS_AFFILIATIONS (uid, affiliation) VALUES ('100009','community');
INSERT INTO SIS_PERSONS (uid, surname, givenName, fullName, department, mail) VALUES ('100010','Roberts','Marie','Marie Roberts','Law','100010@example.edu');
INSERT INTO SIS_AFFILIATIONS (uid, affiliation) VALUES ('100010','student');
INSERT INTO SIS_AFFILIATIONS (uid, affiliation) VALUES ('100010','community');
INSERT INTO SIS_PERSONS (uid, surname, givenName, fullName, department, mail) VALUES ('100011','Johnson','Kiersten','Kiersten Johnson','Physical Education','100011@example.edu');
INSERT INTO SIS_AFFILIATIONS (uid, affiliation) VALUES ('100011','faculty');
INSERT INTO SIS_PERSONS (uid, surname, givenName, fullName, department, mail) VALUES ('100012','Brown','James','James Brown','Information Technology','100012@example.edu');
INSERT INTO SIS_AFFILIATIONS (uid, affiliation) VALUES ('100012','alum');
INSERT INTO SIS_AFFILIATIONS (uid, affiliation) VALUES ('100012','staff');
INSERT INTO SIS_PERSONS (uid, surname, givenName, fullName, department, mail) VALUES ('100013','Gasper','Ann','Ann Gasper','Computer Science','100013@example.edu');
INSERT INTO SIS_AFFILIATIONS (uid, affiliation) VALUES ('100013','student');
INSERT INTO SIS_AFFILIATIONS (uid, affiliation) VALUES ('100013','community');
INSERT INTO SIS_PERSONS (uid, surname, givenName, fullName, department, mail) VALUES ('100014','Scott','Jennifer','Jennifer Scott','Business','100014@example.edu');
INSERT INTO SIS_AFFILIATIONS (uid, affiliation) VALUES ('100014','community');
INSERT INTO SIS_AFFILIATIONS (uid, affiliation) VALUES ('100014','student');
INSERT INTO SIS_PERSONS (uid, surname, givenName, fullName, department, mail) VALUES ('100015','Butler','Betty','Betty Butler','Purchasing','100015@example.edu');
INSERT INTO SIS_AFFILIATIONS (uid, affiliation) VALUES ('100015','community');
INSERT INTO SIS_AFFILIATIONS (uid, affiliation) VALUES ('100015','member');
INSERT INTO SIS_PERSONS (uid, surname, givenName, fullName, department, mail) VALUES ('100016','Morrison','Thomas','Thomas Morrison','Purchasing','100016@example.edu');
INSERT INTO SIS_AFFILIATIONS (uid, affiliation) VALUES ('100016','student');
INSERT INTO SIS_AFFILIATIONS (uid, affiliation) VALUES ('100016','staff');
INSERT INTO SIS_PERSONS (uid, surname, givenName, fullName, department, mail) VALUES ('100017','Brown','Jennifer','Jennifer Brown','Accounting','100017@example.edu');
INSERT INTO SIS_AFFILIATIONS (uid, affiliation) VALUES ('100017','member');
INSERT INTO SIS_AFFILIATIONS (uid, affiliation) VALUES ('100017','staff');
INSERT INTO SIS_PERSONS (uid, surname, givenName, fullName, department, mail) VALUES ('100018','Johnson','Greg','Greg Johnson','Physical Education','100018@example.edu');
INSERT INTO SIS_AFFILIATIONS (uid, affiliation) VALUES ('100018','community');
INSERT INTO SIS_AFFILIATIONS (uid, affiliation) VALUES ('100018','alum');
INSERT INTO SIS_PERSONS (uid, surname, givenName, fullName, department, mail) VALUES ('100019','Martinez','Robert','Robert Martinez','Financial Aid','100019@example.edu');
INSERT INTO SIS_AFFILIATIONS (uid, affiliation) VALUES ('100019','staff');
INSERT INTO SIS_AFFILIATIONS (uid, affiliation) VALUES ('100019','faculty');
INSERT INTO SIS_PERSONS (uid, surname, givenName, fullName, department, mail) VALUES ('100020','Lewis','Jo','Jo Lewis','Accounting','100020@example.edu');
INSERT INTO SIS_AFFILIATIONS (uid, affiliation) VALUES ('100020','community');
INSERT INTO SIS_AFFILIATIONS (uid, affiliation) VALUES ('100020','student');
INSERT INTO SIS_PERSONS (uid, surname, givenName, fullName, department, mail) VALUES ('100021','Gasper','Mary','Mary Gasper','Physical Education','100021@example.edu');
INSERT INTO SIS_AFFILIATIONS (uid, affiliation) VALUES ('100021','faculty');
INSERT INTO SIS_PERSONS (uid, surname, givenName, fullName, department, mail) VALUES ('100022','Vales','Karoline','Karoline Vales','Information Technology','100022@example.edu');
INSERT INTO SIS_AFFILIATIONS (uid, affiliation) VALUES ('100022','student');
INSERT INTO SIS_AFFILIATIONS (uid, affiliation) VALUES ('100022','alum');
INSERT INTO SIS_PERSONS (uid, surname, givenName, fullName, department, mail) VALUES ('100023','Grady','Thomas','Thomas Grady','Law','100023@example.edu');
INSERT INTO SIS_AFFILIATIONS (uid, affiliation) VALUES ('100023','alum');
INSERT INTO SIS_PERSONS (uid, surname, givenName, fullName, department, mail) VALUES ('100024','Morrison','Kiersten','Kiersten Morrison','Information Technology','100024@example.edu');
INSERT INTO SIS_AFFILIATIONS (uid, affiliation) VALUES ('100024','staff');
INSERT INTO SIS_AFFILIATIONS (uid, affiliation) VALUES ('100024','faculty');
INSERT INTO SIS_PERSONS (uid, surname, givenName, fullName, department, mail) VALUES ('100025','Grady','David','David Grady','Advising','100025@example.edu');
INSERT INTO SIS_AFFILIATIONS (uid, affiliation) VALUES ('100025','community');
INSERT INTO SIS_PERSONS (uid, surname, givenName, fullName, department, mail) VALUES ('100026','Thompson','Mary','Mary Thompson','Financial Aid','100026@example.edu');
INSERT INTO SIS_AFFILIATIONS (uid, affiliation) VALUES ('100026','staff');
INSERT INTO SIS_AFFILIATIONS (uid, affiliation) VALUES ('100026','student');
INSERT INTO SIS_PERSONS (uid, surname, givenName, fullName, department, mail) VALUES ('100027','Gasper','Bill','Bill Gasper','Business','100027@example.edu');
INSERT INTO SIS_AFFILIATIONS (uid, affiliation) VALUES ('100027','alum');
INSERT INTO SIS_PERSONS (uid, surname, givenName, fullName, department, mail) VALUES ('100028','Lopez','David','David Lopez','Account Payable','100028@example.edu');
INSERT INTO SIS_AFFILIATIONS (uid, affiliation) VALUES ('100028','staff');
INSERT INTO SIS_AFFILIATIONS (uid, affiliation) VALUES ('100028','faculty');
INSERT INTO SIS_PERSONS (uid, surname, givenName, fullName, department, mail) VALUES ('100029','White','Heather','Heather White','Physical Education','100029@example.edu');
INSERT INTO SIS_AFFILIATIONS (uid, affiliation) VALUES ('100029','staff');
INSERT INTO SIS_PERSONS (uid, surname, givenName, fullName, department, mail) VALUES ('100030','Davis','Donna','Donna Davis','Accounting','100030@example.edu');
INSERT INTO SIS_AFFILIATIONS (uid, affiliation) VALUES ('100030','staff');
INSERT INTO SIS_AFFILIATIONS (uid, affiliation) VALUES ('100030','community');
INSERT INTO SIS_PERSONS (uid, surname, givenName, fullName, department, mail) VALUES ('100031','Gasper','Bill','Bill Gasper','Engineering','100031@example.edu');
INSERT INTO SIS_AFFILIATIONS (uid, affiliation) VALUES ('100031','faculty');
INSERT INTO SIS_PERSONS (uid, surname, givenName, fullName, department, mail) VALUES ('100032','Johnson','Jennifer','Jennifer Johnson','Financial Aid','100032@example.edu');
INSERT INTO SIS_AFFILIATIONS (uid, affiliation) VALUES ('100032','student');
INSERT INTO SIS_AFFILIATIONS (uid, affiliation) VALUES ('100032','alum');
INSERT INTO SIS_PERSONS (uid, surname, givenName, fullName, department, mail) VALUES ('100033','Morrison','Ann','Ann Morrison','Financial Aid','100033@example.edu');
INSERT INTO SIS_AFFILIATIONS (uid, affiliation) VALUES ('100033','alum');
INSERT INTO SIS_PERSONS (uid, surname, givenName, fullName, department, mail) VALUES ('100034','Martinez','Karl','Karl Martinez','Accounting','100034@example.edu');
INSERT INTO SIS_AFFILIATIONS (uid, affiliation) VALUES ('100034','student');
INSERT INTO SIS_PERSONS (uid, surname, givenName, fullName, department, mail) VALUES ('100035','Henderson','Ann','Ann Henderson','Accounting','100035@example.edu');
INSERT INTO SIS_AFFILIATIONS (uid, affiliation) VALUES ('100035','member');
INSERT INTO SIS_AFFILIATIONS (uid, affiliation) VALUES ('100035','student');
INSERT INTO SIS_PERSONS (uid, surname, givenName, fullName, department, mail) VALUES ('100036','Vales','Ann','Ann Vales','Purchasing','100036@example.edu');
INSERT INTO SIS_AFFILIATIONS (uid, affiliation) VALUES ('100036','student');
INSERT INTO SIS_AFFILIATIONS (uid, affiliation) VALUES ('100036','alum');
INSERT INTO SIS_PERSONS (uid, surname, givenName, fullName, department, mail) VALUES ('100037','Gonazles','Greg','Greg Gonazles','Language Arts','100037@example.edu');
INSERT INTO SIS_AFFILIATIONS (uid, affiliation) VALUES ('100037','community');
INSERT INTO SIS_PERSONS (uid, surname, givenName, fullName, department, mail) VALUES ('100038','Doe','Blake','Blake Doe','Business','100038@example.edu');
INSERT INTO SIS_AFFILIATIONS (uid, affiliation) VALUES ('100038','student');
INSERT INTO SIS_PERSONS (uid, surname, givenName, fullName, department, mail) VALUES ('100039','Langenberg','Paul','Paul Langenberg','Information Technology','100039@example.edu');
INSERT INTO SIS_AFFILIATIONS (uid, affiliation) VALUES ('100039','staff');
INSERT INTO SIS_PERSONS (uid, surname, givenName, fullName, department, mail) VALUES ('100040','Vales','Greg','Greg Vales','Language Arts','100040@example.edu');
INSERT INTO SIS_AFFILIATIONS (uid, affiliation) VALUES ('100040','community');
INSERT INTO SIS_AFFILIATIONS (uid, affiliation) VALUES ('100040','member');
INSERT INTO SIS_PERSONS (uid, surname, givenName, fullName, department, mail) VALUES ('100041','Henderson','Nancy','Nancy Henderson','Physical Education','100041@example.edu');
INSERT INTO SIS_AFFILIATIONS (uid, affiliation) VALUES ('100041','member');
INSERT INTO SIS_PERSONS (uid, surname, givenName, fullName, department, mail) VALUES ('100042','Thompson','William','William Thompson','Law','100042@example.edu');
INSERT INTO SIS_AFFILIATIONS (uid, affiliation) VALUES ('100042','staff');
INSERT INTO SIS_PERSONS (uid, surname, givenName, fullName, department, mail) VALUES ('100043','Vales','Karl','Karl Vales','Business','100043@example.edu');
INSERT INTO SIS_AFFILIATIONS (uid, affiliation) VALUES ('100043','community');
INSERT INTO SIS_PERSONS (uid, surname, givenName, fullName, department, mail) VALUES ('100044','Lee','Bill','Bill Lee','Engineering','100044@example.edu');
INSERT INTO SIS_AFFILIATIONS (uid, affiliation) VALUES ('100044','member');
INSERT INTO SIS_AFFILIATIONS (uid, affiliation) VALUES ('100044','community');
INSERT INTO SIS_PERSONS (uid, surname, givenName, fullName, department, mail) VALUES ('100045','Lee','Marie','Marie Lee','Information Technology','100045@example.edu');
INSERT INTO SIS_AFFILIATIONS (uid, affiliation) VALUES ('100045','staff');
INSERT INTO SIS_PERSONS (uid, surname, givenName, fullName, department, mail) VALUES ('100046','Clark','Kiersten','Kiersten Clark','Financial Aid','100046@example.edu');
INSERT INTO SIS_AFFILIATIONS (uid, affiliation) VALUES ('100046','staff');
INSERT INTO SIS_PERSONS (uid, surname, givenName, fullName, department, mail) VALUES ('100047','Scott','William','William Scott','Language Arts','100047@example.edu');
INSERT INTO SIS_AFFILIATIONS (uid, affiliation) VALUES ('100047','community');
INSERT INTO SIS_PERSONS (uid, surname, givenName, fullName, department, mail) VALUES ('100048','Butler','Donna','Donna Butler','Financial Aid','100048@example.edu');
INSERT INTO SIS_AFFILIATIONS (uid, affiliation) VALUES ('100048','community');
INSERT INTO SIS_PERSONS (uid, surname, givenName, fullName, department, mail) VALUES ('100049','White','Ann','Ann White','Purchasing','100049@example.edu');
INSERT INTO SIS_AFFILIATIONS (uid, affiliation) VALUES ('100049','faculty');
INSERT INTO SIS_AFFILIATIONS (uid, affiliation) VALUES ('100049','alum');
INSERT INTO SIS_PERSONS (uid, surname, givenName, fullName, department, mail) VALUES ('100050','Doe','Heather','Heather Doe','Financial Aid','100050@example.edu');
INSERT INTO SIS_AFFILIATIONS (uid, affiliation) VALUES ('100050','community');
INSERT INTO SIS_AFFILIATIONS (uid, affiliation) VALUES ('100050','alum');
INSERT INTO SIS_PERSONS (uid, surname, givenName, fullName, department, mail) VALUES ('100051','Langenberg','David','David Langenberg','Language Arts','100051@example.edu');
INSERT INTO SIS_AFFILIATIONS (uid, affiliation) VALUES ('100051','alum');
INSERT INTO SIS_AFFILIATIONS (uid, affiliation) VALUES ('100051','faculty');
INSERT INTO SIS_PERSONS (uid, surname, givenName, fullName, department, mail) VALUES ('100052','Thompson','Eric','Eric Thompson','Law','100052@example.edu');
INSERT INTO SIS_AFFILIATIONS (uid, affiliation) VALUES ('100052','member');
INSERT INTO SIS_PERSONS (uid, surname, givenName, fullName, department, mail) VALUES ('100053','Brown','Jennifer','Jennifer Brown','Account Payable','100053@example.edu');
INSERT INTO SIS_AFFILIATIONS (uid, affiliation) VALUES ('100053','alum');
INSERT INTO SIS_AFFILIATIONS (uid, affiliation) VALUES ('100053','staff');
INSERT INTO SIS_PERSONS (uid, surname, givenName, fullName, department, mail) VALUES ('100054','Gonazles','Michael','Michael Gonazles','Computer Science','100054@example.edu');
INSERT INTO SIS_AFFILIATIONS (uid, affiliation) VALUES ('100054','student');
INSERT INTO SIS_AFFILIATIONS (uid, affiliation) VALUES ('100054','community');
INSERT INTO SIS_PERSONS (uid, surname, givenName, fullName, department, mail) VALUES ('100055','Butler','Greg','Greg Butler','Information Technology','100055@example.edu');
INSERT INTO SIS_AFFILIATIONS (uid, affiliation) VALUES ('100055','community');
INSERT INTO SIS_AFFILIATIONS (uid, affiliation) VALUES ('100055','staff');
INSERT INTO SIS_PERSONS (uid, surname, givenName, fullName, department, mail) VALUES ('100056','Vales','Mark','Mark Vales','Engineering','100056@example.edu');
INSERT INTO SIS_AFFILIATIONS (uid, affiliation) VALUES ('100056','student');
INSERT INTO SIS_PERSONS (uid, surname, givenName, fullName, department, mail) VALUES ('100057','Lewis','Michael','Michael Lewis','Information Technology','100057@example.edu');
INSERT INTO SIS_AFFILIATIONS (uid, affiliation) VALUES ('100057','student');
INSERT INTO SIS_PERSONS (uid, surname, givenName, fullName, department, mail) VALUES ('100058','Vales','Heather','Heather Vales','Information Technology','100058@example.edu');
INSERT INTO SIS_AFFILIATIONS (uid, affiliation) VALUES ('100058','community');
INSERT INTO SIS_PERSONS (uid, surname, givenName, fullName, department, mail) VALUES ('100059','Scott','Jo','Jo Scott','Purchasing','100059@example.edu');
INSERT INTO SIS_AFFILIATIONS (uid, affiliation) VALUES ('100059','faculty');
INSERT INTO SIS_AFFILIATIONS (uid, affiliation) VALUES ('100059','alum');
INSERT INTO SIS_PERSONS (uid, surname, givenName, fullName, department, mail) VALUES ('100060','Doe','Sarah','Sarah Doe','Business','100060@example.edu');
INSERT INTO SIS_AFFILIATIONS (uid, affiliation) VALUES ('100060','member');
INSERT INTO SIS_AFFILIATIONS (uid, affiliation) VALUES ('100060','student');
INSERT INTO SIS_PERSONS (uid, surname, givenName, fullName, department, mail) VALUES ('100061','Vales','Sarah','Sarah Vales','Advising','100061@example.edu');
INSERT INTO SIS_AFFILIATIONS (uid, affiliation) VALUES ('100061','student');
INSERT INTO SIS_PERSONS (uid, surname, givenName, fullName, department, mail) VALUES ('100062','Morrison','Heather','Heather Morrison','Engineering','100062@example.edu');
INSERT INTO SIS_AFFILIATIONS (uid, affiliation) VALUES ('100062','faculty');
INSERT INTO SIS_AFFILIATIONS (uid, affiliation) VALUES ('100062','student');
INSERT INTO SIS_PERSONS (uid, surname, givenName, fullName, department, mail) VALUES ('100063','Lopez','Jennifer','Jennifer Lopez','Language Arts','100063@example.edu');
INSERT INTO SIS_AFFILIATIONS (uid, affiliation) VALUES ('100063','alum');
INSERT INTO SIS_AFFILIATIONS (uid, affiliation) VALUES ('100063','faculty');
INSERT INTO SIS_PERSONS (uid, surname, givenName, fullName, department, mail) VALUES ('100064','Langenberg','Donna','Donna Langenberg','Law','100064@example.edu');
INSERT INTO SIS_AFFILIATIONS (uid, affiliation) VALUES ('100064','student');
INSERT INTO SIS_AFFILIATIONS (uid, affiliation) VALUES ('100064','staff');
INSERT INTO SIS_PERSONS (uid, surname, givenName, fullName, department, mail) VALUES ('100065','Grady','Betty','Betty Grady','Accounting','100065@example.edu');
INSERT INTO SIS_AFFILIATIONS (uid, affiliation) VALUES ('100065','alum');
INSERT INTO SIS_PERSONS (uid, surname, givenName, fullName, department, mail) VALUES ('100066','Morrison','Jennifer','Jennifer Morrison','Law','100066@example.edu');
INSERT INTO SIS_AFFILIATIONS (uid, affiliation) VALUES ('100066','staff');
INSERT INTO SIS_PERSONS (uid, surname, givenName, fullName, department, mail) VALUES ('100067','Vales','William','William Vales','Law','100067@example.edu');
INSERT INTO SIS_AFFILIATIONS (uid, affiliation) VALUES ('100067','member');
INSERT INTO SIS_PERSONS (uid, surname, givenName, fullName, department, mail) VALUES ('100068','Martinez','Mark','Mark Martinez','Physical Education','100068@example.edu');
INSERT INTO SIS_AFFILIATIONS (uid, affiliation) VALUES ('100068','alum');
INSERT INTO SIS_PERSONS (uid, surname, givenName, fullName, department, mail) VALUES ('100069','Martinez','Jennifer','Jennifer Martinez','Information Technology','100069@example.edu');
INSERT INTO SIS_AFFILIATIONS (uid, affiliation) VALUES ('100069','community');
INSERT INTO SIS_AFFILIATIONS (uid, affiliation) VALUES ('100069','member');
INSERT INTO SIS_PERSONS (uid, surname, givenName, fullName, department, mail) VALUES ('100070','Gasper','Mary','Mary Gasper','Computer Science','100070@example.edu');
INSERT INTO SIS_AFFILIATIONS (uid, affiliation) VALUES ('100070','staff');
INSERT INTO SIS_PERSONS (uid, surname, givenName, fullName, department, mail) VALUES ('100071','Peterson','David','David Peterson','Advising','100071@example.edu');
INSERT INTO SIS_AFFILIATIONS (uid, affiliation) VALUES ('100071','student');
INSERT INTO SIS_AFFILIATIONS (uid, affiliation) VALUES ('100071','alum');
INSERT INTO SIS_PERSONS (uid, surname, givenName, fullName, department, mail) VALUES ('100072','Price','Erik','Erik Price','Business','100072@example.edu');
INSERT INTO SIS_AFFILIATIONS (uid, affiliation) VALUES ('100072','alum');
INSERT INTO SIS_PERSONS (uid, surname, givenName, fullName, department, mail) VALUES ('100073','Gasper','James','James Gasper','Accounting','100073@example.edu');
INSERT INTO SIS_AFFILIATIONS (uid, affiliation) VALUES ('100073','staff');
INSERT INTO SIS_AFFILIATIONS (uid, affiliation) VALUES ('100073','alum');
INSERT INTO SIS_PERSONS (uid, surname, givenName, fullName, department, mail) VALUES ('100074','Clark','Jennifer','Jennifer Clark','Business','100074@example.edu');
INSERT INTO SIS_AFFILIATIONS (uid, affiliation) VALUES ('100074','faculty');
INSERT INTO SIS_AFFILIATIONS (uid, affiliation) VALUES ('100074','member');
INSERT INTO SIS_PERSONS (uid, surname, givenName, fullName, department, mail) VALUES ('100075','Peterson','Betty','Betty Peterson','Account Payable','100075@example.edu');
INSERT INTO SIS_AFFILIATIONS (uid, affiliation) VALUES ('100075','alum');
INSERT INTO SIS_AFFILIATIONS (uid, affiliation) VALUES ('100075','community');
INSERT INTO SIS_PERSONS (uid, surname, givenName, fullName, department, mail) VALUES ('100076','Smith','William','William Smith','Information Technology','100076@example.edu');
INSERT INTO SIS_AFFILIATIONS (uid, affiliation) VALUES ('100076','faculty');
INSERT INTO SIS_PERSONS (uid, surname, givenName, fullName, department, mail) VALUES ('100077','Williams','Lisa','Lisa Williams','Purchasing','100077@example.edu');
INSERT INTO SIS_AFFILIATIONS (uid, affiliation) VALUES ('100077','faculty');
INSERT INTO SIS_PERSONS (uid, surname, givenName, fullName, department, mail) VALUES ('100078','Grady','David','David Grady','Physical Education','100078@example.edu');
INSERT INTO SIS_AFFILIATIONS (uid, affiliation) VALUES ('100078','member');
INSERT INTO SIS_PERSONS (uid, surname, givenName, fullName, department, mail) VALUES ('100079','Martinez','Jo','Jo Martinez','Law','100079@example.edu');
INSERT INTO SIS_AFFILIATIONS (uid, affiliation) VALUES ('100079','faculty');
INSERT INTO SIS_AFFILIATIONS (uid, affiliation) VALUES ('100079','alum');
INSERT INTO SIS_PERSONS (uid, surname, givenName, fullName, department, mail) VALUES ('100080','Lewis','Donna','Donna Lewis','Financial Aid','100080@example.edu');
INSERT INTO SIS_AFFILIATIONS (uid, affiliation) VALUES ('100080','community');
INSERT INTO SIS_AFFILIATIONS (uid, affiliation) VALUES ('100080','member');
INSERT INTO SIS_PERSONS (uid, surname, givenName, fullName, department, mail) VALUES ('100081','Scott','William','William Scott','Account Payable','100081@example.edu');
INSERT INTO SIS_AFFILIATIONS (uid, affiliation) VALUES ('100081','faculty');
INSERT INTO SIS_AFFILIATIONS (uid, affiliation) VALUES ('100081','staff');
INSERT INTO SIS_PERSONS (uid, surname, givenName, fullName, department, mail) VALUES ('100082','Doe','Donna','Donna Doe','Physical Education','100082@example.edu');
INSERT INTO SIS_AFFILIATIONS (uid, affiliation) VALUES ('100082','student');
INSERT INTO SIS_AFFILIATIONS (uid, affiliation) VALUES ('100082','community');
INSERT INTO SIS_PERSONS (uid, surname, givenName, fullName, department, mail) VALUES ('100083','Morrison','Greg','Greg Morrison','Language Arts','100083@example.edu');
INSERT INTO SIS_AFFILIATIONS (uid, affiliation) VALUES ('100083','staff');
INSERT INTO SIS_AFFILIATIONS (uid, affiliation) VALUES ('100083','faculty');
INSERT INTO SIS_PERSONS (uid, surname, givenName, fullName, department, mail) VALUES ('100084','Henderson','Kim','Kim Henderson','Account Payable','100084@example.edu');
INSERT INTO SIS_AFFILIATIONS (uid, affiliation) VALUES ('100084','member');
INSERT INTO SIS_AFFILIATIONS (uid, affiliation) VALUES ('100084','community');
INSERT INTO SIS_PERSONS (uid, surname, givenName, fullName, department, mail) VALUES ('100085','Peterson','Karoline','Karoline Peterson','Accounting','100085@example.edu');
INSERT INTO SIS_AFFILIATIONS (uid, affiliation) VALUES ('100085','community');
INSERT INTO SIS_PERSONS (uid, surname, givenName, fullName, department, mail) VALUES ('100086','Price','Erik','Erik Price','Computer Science','100086@example.edu');
INSERT INTO SIS_AFFILIATIONS (uid, affiliation) VALUES ('100086','faculty');
INSERT INTO SIS_PERSONS (uid, surname, givenName, fullName, department, mail) VALUES ('100087','Smith','Heather','Heather Smith','Business','100087@example.edu');
INSERT INTO SIS_AFFILIATIONS (uid, affiliation) VALUES ('100087','faculty');
INSERT INTO SIS_AFFILIATIONS (uid, affiliation) VALUES ('100087','staff');
INSERT INTO SIS_PERSONS (uid, surname, givenName, fullName, department, mail) VALUES ('100088','Williams','Donna','Donna Williams','Financial Aid','100088@example.edu');
INSERT INTO SIS_AFFILIATIONS (uid, affiliation) VALUES ('100088','alum');
INSERT INTO SIS_AFFILIATIONS (uid, affiliation) VALUES ('100088','staff');
INSERT INTO SIS_PERSONS (uid, surname, givenName, fullName, department, mail) VALUES ('100089','Lopez','Karl','Karl Lopez','Advising','100089@example.edu');
INSERT INTO SIS_AFFILIATIONS (uid, affiliation) VALUES ('100089','staff');
INSERT INTO SIS_AFFILIATIONS (uid, affiliation) VALUES ('100089','community');
INSERT INTO SIS_PERSONS (uid, surname, givenName, fullName, department, mail) VALUES ('100090','Johnson','William','William Johnson','Accounting','100090@example.edu');
INSERT INTO SIS_AFFILIATIONS (uid, affiliation) VALUES ('100090','staff');
INSERT INTO SIS_PERSONS (uid, surname, givenName, fullName, department, mail) VALUES ('100091','Brown','William','William Brown','Physical Education','100091@example.edu');
INSERT INTO SIS_AFFILIATIONS (uid, affiliation) VALUES ('100091','member');
INSERT INTO SIS_PERSONS (uid, surname, givenName, fullName, department, mail) VALUES ('100092','Brown','Heather','Heather Brown','Law','100092@example.edu');
INSERT INTO SIS_AFFILIATIONS (uid, affiliation) VALUES ('100092','faculty');
INSERT INTO SIS_PERSONS (uid, surname, givenName, fullName, department, mail) VALUES ('100093','Roberts','Kim','Kim Roberts','Account Payable','100093@example.edu');
INSERT INTO SIS_AFFILIATIONS (uid, affiliation) VALUES ('100093','community');
INSERT INTO SIS_PERSONS (uid, surname, givenName, fullName, department, mail) VALUES ('100094','Walters','Donna','Donna Walters','Advising','100094@example.edu');
INSERT INTO SIS_AFFILIATIONS (uid, affiliation) VALUES ('100094','community');
INSERT INTO SIS_PERSONS (uid, surname, givenName, fullName, department, mail) VALUES ('100095','Lee','Nancy','Nancy Lee','Computer Science','100095@example.edu');
INSERT INTO SIS_AFFILIATIONS (uid, affiliation) VALUES ('100095','faculty');
INSERT INTO SIS_AFFILIATIONS (uid, affiliation) VALUES ('100095','member');
INSERT INTO SIS_PERSONS (uid, surname, givenName, fullName, department, mail) VALUES ('100096','Gonazles','Sarah','Sarah Gonazles','Computer Science','100096@example.edu');
INSERT INTO SIS_AFFILIATIONS (uid, affiliation) VALUES ('100096','faculty');
INSERT INTO SIS_PERSONS (uid, surname, givenName, fullName, department, mail) VALUES ('100097','Anderson','Heather','Heather Anderson','Purchasing','100097@example.edu');
INSERT INTO SIS_AFFILIATIONS (uid, affiliation) VALUES ('100097','member');
INSERT INTO SIS_PERSONS (uid, surname, givenName, fullName, department, mail) VALUES ('100098','Anderson','David','David Anderson','Advising','100098@example.edu');
INSERT INTO SIS_AFFILIATIONS (uid, affiliation) VALUES ('100098','alum');
INSERT INTO SIS_PERSONS (uid, surname, givenName, fullName, department, mail) VALUES ('100099','Grady','David','David Grady','Advising','100099@example.edu');
INSERT INTO SIS_AFFILIATIONS (uid, affiliation) VALUES ('100099','community');
INSERT INTO SIS_PERSONS (uid, surname, givenName, fullName, department, mail) VALUES ('100100','Grady','James','James Grady','Purchasing','100100@example.edu');
INSERT INTO SIS_AFFILIATIONS (uid, affiliation) VALUES ('100100','student');

CREATE TABLE SIS_COURSES (
    uid VARCHAR(255) NOT NULL,
    surname VARCHAR(255) DEFAULT NULL,
    givenName VARCHAR(255) DEFAULT NULL,
    courseId VARCHAR(255) NOT NULL,
    PRIMARY KEY (uid , courseId)
);

INSERT INTO SIS_COURSES (uid, surname, givenName, courseId) VALUES ('100013','Gasper','Ann','MATH100');
INSERT INTO SIS_COURSES (uid, surname, givenName, courseId) VALUES ('100035','Henderson','Ann','MATH101');
INSERT INTO SIS_COURSES (uid, surname, givenName, courseId) VALUES ('100035','Henderson','Ann','SCI404');
INSERT INTO SIS_COURSES (uid, surname, givenName, courseId) VALUES ('100008','Morrison','Ann','ACCT101');
INSERT INTO SIS_COURSES (uid, surname, givenName, courseId) VALUES ('100008','Morrison','Ann','CS251');
INSERT INTO SIS_COURSES (uid, surname, givenName, courseId) VALUES ('100008','Morrison','Ann','MATH101');
INSERT INTO SIS_COURSES (uid, surname, givenName, courseId) VALUES ('100033','Morrison','Ann','MATH101');
INSERT INTO SIS_COURSES (uid, surname, givenName, courseId) VALUES ('100036','Vales','Ann','ACCT101');
INSERT INTO SIS_COURSES (uid, surname, givenName, courseId) VALUES ('100049','White','Ann','ACCT101');
INSERT INTO SIS_COURSES (uid, surname, givenName, courseId) VALUES ('100049','White','Ann','CS251');
INSERT INTO SIS_COURSES (uid, surname, givenName, courseId) VALUES ('100015','Butler','Betty','ACCT101');
INSERT INTO SIS_COURSES (uid, surname, givenName, courseId) VALUES ('100015','Butler','Betty','CS251');
INSERT INTO SIS_COURSES (uid, surname, givenName, courseId) VALUES ('100015','Butler','Betty','MATH100');
INSERT INTO SIS_COURSES (uid, surname, givenName, courseId) VALUES ('100015','Butler','Betty','SCI123');
INSERT INTO SIS_COURSES (uid, surname, givenName, courseId) VALUES ('100038','Doe','Blake','ACCT101');
INSERT INTO SIS_COURSES (uid, surname, givenName, courseId) VALUES ('100038','Doe','Blake','CS251');
INSERT INTO SIS_COURSES (uid, surname, givenName, courseId) VALUES ('100038','Doe','Blake','CS252');
INSERT INTO SIS_COURSES (uid, surname, givenName, courseId) VALUES ('100038','Doe','Blake','SCI404');
INSERT INTO SIS_COURSES (uid, surname, givenName, courseId) VALUES ('100027','Gasper','Bill','CS251');
INSERT INTO SIS_COURSES (uid, surname, givenName, courseId) VALUES ('100027','Gasper','Bill','MATH100');
INSERT INTO SIS_COURSES (uid, surname, givenName, courseId) VALUES ('100031','Gasper','Bill','ACCT101');
INSERT INTO SIS_COURSES (uid, surname, givenName, courseId) VALUES ('100031','Gasper','Bill','MATH100');
INSERT INTO SIS_COURSES (uid, surname, givenName, courseId) VALUES ('100065','Grady','Betty','ACCT101');
INSERT INTO SIS_COURSES (uid, surname, givenName, courseId) VALUES ('100065','Grady','Betty','MATH101');
INSERT INTO SIS_COURSES (uid, surname, givenName, courseId) VALUES ('100065','Grady','Betty','SCI123');
INSERT INTO SIS_COURSES (uid, surname, givenName, courseId) VALUES ('100044','Lee','Bill','ACCT201');
INSERT INTO SIS_COURSES (uid, surname, givenName, courseId) VALUES ('100044','Lee','Bill','CS252');
INSERT INTO SIS_COURSES (uid, surname, givenName, courseId) VALUES ('100044','Lee','Bill','MATH100');
INSERT INTO SIS_COURSES (uid, surname, givenName, courseId) VALUES ('100075','Peterson','Betty','CS252');
INSERT INTO SIS_COURSES (uid, surname, givenName, courseId) VALUES ('100075','Peterson','Betty','SCI123');
INSERT INTO SIS_COURSES (uid, surname, givenName, courseId) VALUES ('100006','Morrison','Colin','ACCT101');
INSERT INTO SIS_COURSES (uid, surname, givenName, courseId) VALUES ('100006','Morrison','Colin','ACCT201');
INSERT INTO SIS_COURSES (uid, surname, givenName, courseId) VALUES ('100006','Morrison','Colin','CS251');
INSERT INTO SIS_COURSES (uid, surname, givenName, courseId) VALUES ('100006','Morrison','Colin','MATH101');
INSERT INTO SIS_COURSES (uid, surname, givenName, courseId) VALUES ('100007','Anderson','Donna','ACCT201');
INSERT INTO SIS_COURSES (uid, surname, givenName, courseId) VALUES ('100007','Anderson','Donna','MATH100');
INSERT INTO SIS_COURSES (uid, surname, givenName, courseId) VALUES ('100007','Anderson','Donna','SCI123');
INSERT INTO SIS_COURSES (uid, surname, givenName, courseId) VALUES ('100098','Anderson','David','ACCT101');
INSERT INTO SIS_COURSES (uid, surname, givenName, courseId) VALUES ('100098','Anderson','David','CS252');
INSERT INTO SIS_COURSES (uid, surname, givenName, courseId) VALUES ('100098','Anderson','David','MATH101');
INSERT INTO SIS_COURSES (uid, surname, givenName, courseId) VALUES ('100098','Anderson','David','SCI123');
INSERT INTO SIS_COURSES (uid, surname, givenName, courseId) VALUES ('100048','Butler','Donna','ACCT101');
INSERT INTO SIS_COURSES (uid, surname, givenName, courseId) VALUES ('100048','Butler','Donna','CS252');
INSERT INTO SIS_COURSES (uid, surname, givenName, courseId) VALUES ('100048','Butler','Donna','MATH101');
INSERT INTO SIS_COURSES (uid, surname, givenName, courseId) VALUES ('100005','Davis','David','CS251');
INSERT INTO SIS_COURSES (uid, surname, givenName, courseId) VALUES ('100005','Davis','David','MATH100');
INSERT INTO SIS_COURSES (uid, surname, givenName, courseId) VALUES ('100030','Davis','Donna','ACCT201');
INSERT INTO SIS_COURSES (uid, surname, givenName, courseId) VALUES ('100030','Davis','Donna','CS252');
INSERT INTO SIS_COURSES (uid, surname, givenName, courseId) VALUES ('100030','Davis','Donna','SCI123');
INSERT INTO SIS_COURSES (uid, surname, givenName, courseId) VALUES ('100030','Davis','Donna','SCI404');
INSERT INTO SIS_COURSES (uid, surname, givenName, courseId) VALUES ('100082','Doe','Donna','ACCT101');
INSERT INTO SIS_COURSES (uid, surname, givenName, courseId) VALUES ('100082','Doe','Donna','ACCT201');
INSERT INTO SIS_COURSES (uid, surname, givenName, courseId) VALUES ('100082','Doe','Donna','MATH101');
INSERT INTO SIS_COURSES (uid, surname, givenName, courseId) VALUES ('100082','Doe','Donna','SCI123');
INSERT INTO SIS_COURSES (uid, surname, givenName, courseId) VALUES ('100025','Grady','David','ACCT201');
INSERT INTO SIS_COURSES (uid, surname, givenName, courseId) VALUES ('100025','Grady','David','SCI404');
INSERT INTO SIS_COURSES (uid, surname, givenName, courseId) VALUES ('100078','Grady','David','CS251');
INSERT INTO SIS_COURSES (uid, surname, givenName, courseId) VALUES ('100078','Grady','David','CS252');
INSERT INTO SIS_COURSES (uid, surname, givenName, courseId) VALUES ('100078','Grady','David','MATH100');
INSERT INTO SIS_COURSES (uid, surname, givenName, courseId) VALUES ('100099','Grady','David','ACCT201');
INSERT INTO SIS_COURSES (uid, surname, givenName, courseId) VALUES ('100099','Grady','David','CS252');
INSERT INTO SIS_COURSES (uid, surname, givenName, courseId) VALUES ('100051','Langenberg','David','ACCT101');
INSERT INTO SIS_COURSES (uid, surname, givenName, courseId) VALUES ('100051','Langenberg','David','MATH100');
INSERT INTO SIS_COURSES (uid, surname, givenName, courseId) VALUES ('100051','Langenberg','David','MATH101');
INSERT INTO SIS_COURSES (uid, surname, givenName, courseId) VALUES ('100064','Langenberg','Donna','CS251');
INSERT INTO SIS_COURSES (uid, surname, givenName, courseId) VALUES ('100064','Langenberg','Donna','CS252');
INSERT INTO SIS_COURSES (uid, surname, givenName, courseId) VALUES ('100080','Lewis','Donna','CS251');
INSERT INTO SIS_COURSES (uid, surname, givenName, courseId) VALUES ('100080','Lewis','Donna','CS252');
INSERT INTO SIS_COURSES (uid, surname, givenName, courseId) VALUES ('100080','Lewis','Donna','MATH101');
INSERT INTO SIS_COURSES (uid, surname, givenName, courseId) VALUES ('100080','Lewis','Donna','SCI404');
INSERT INTO SIS_COURSES (uid, surname, givenName, courseId) VALUES ('100028','Lopez','David','ACCT101');
INSERT INTO SIS_COURSES (uid, surname, givenName, courseId) VALUES ('100028','Lopez','David','CS251');
INSERT INTO SIS_COURSES (uid, surname, givenName, courseId) VALUES ('100028','Lopez','David','MATH101');
INSERT INTO SIS_COURSES (uid, surname, givenName, courseId) VALUES ('100071','Peterson','David','MATH101');
INSERT INTO SIS_COURSES (uid, surname, givenName, courseId) VALUES ('100071','Peterson','David','SCI123');
INSERT INTO SIS_COURSES (uid, surname, givenName, courseId) VALUES ('100094','Walters','Donna','MATH100');
INSERT INTO SIS_COURSES (uid, surname, givenName, courseId) VALUES ('100088','Williams','Donna','ACCT101');
INSERT INTO SIS_COURSES (uid, surname, givenName, courseId) VALUES ('100088','Williams','Donna','SCI123');
INSERT INTO SIS_COURSES (uid, surname, givenName, courseId) VALUES ('100072','Price','Erik','ACCT201');
INSERT INTO SIS_COURSES (uid, surname, givenName, courseId) VALUES ('100072','Price','Erik','MATH100');
INSERT INTO SIS_COURSES (uid, surname, givenName, courseId) VALUES ('100072','Price','Erik','SCI123');
INSERT INTO SIS_COURSES (uid, surname, givenName, courseId) VALUES ('100086','Price','Erik','SCI123');
INSERT INTO SIS_COURSES (uid, surname, givenName, courseId) VALUES ('100052','Thompson','Eric','ACCT101');
INSERT INTO SIS_COURSES (uid, surname, givenName, courseId) VALUES ('100052','Thompson','Eric','ACCT201');
INSERT INTO SIS_COURSES (uid, surname, givenName, courseId) VALUES ('100052','Thompson','Eric','MATH101');
INSERT INTO SIS_COURSES (uid, surname, givenName, courseId) VALUES ('100052','Thompson','Eric','SCI404');
INSERT INTO SIS_COURSES (uid, surname, givenName, courseId) VALUES ('100055','Butler','Greg','ACCT201');
INSERT INTO SIS_COURSES (uid, surname, givenName, courseId) VALUES ('100055','Butler','Greg','MATH101');
INSERT INTO SIS_COURSES (uid, surname, givenName, courseId) VALUES ('100055','Butler','Greg','SCI123');
INSERT INTO SIS_COURSES (uid, surname, givenName, courseId) VALUES ('100037','Gonazles','Greg','ACCT101');
INSERT INTO SIS_COURSES (uid, surname, givenName, courseId) VALUES ('100037','Gonazles','Greg','MATH100');
INSERT INTO SIS_COURSES (uid, surname, givenName, courseId) VALUES ('100018','Johnson','Greg','ACCT101');
INSERT INTO SIS_COURSES (uid, surname, givenName, courseId) VALUES ('100018','Johnson','Greg','MATH100');
INSERT INTO SIS_COURSES (uid, surname, givenName, courseId) VALUES ('100018','Johnson','Greg','SCI123');
INSERT INTO SIS_COURSES (uid, surname, givenName, courseId) VALUES ('100083','Morrison','Greg','ACCT101');
INSERT INTO SIS_COURSES (uid, surname, givenName, courseId) VALUES ('100083','Morrison','Greg','CS251');
INSERT INTO SIS_COURSES (uid, surname, givenName, courseId) VALUES ('100083','Morrison','Greg','SCI123');
INSERT INTO SIS_COURSES (uid, surname, givenName, courseId) VALUES ('100040','Vales','Greg','CS251');
INSERT INTO SIS_COURSES (uid, surname, givenName, courseId) VALUES ('100040','Vales','Greg','MATH101');
INSERT INTO SIS_COURSES (uid, surname, givenName, courseId) VALUES ('100040','Vales','Greg','SCI404');
INSERT INTO SIS_COURSES (uid, surname, givenName, courseId) VALUES ('100097','Anderson','Heather','CS251');
INSERT INTO SIS_COURSES (uid, surname, givenName, courseId) VALUES ('100092','Brown','Heather','ACCT201');
INSERT INTO SIS_COURSES (uid, surname, givenName, courseId) VALUES ('100092','Brown','Heather','CS251');
INSERT INTO SIS_COURSES (uid, surname, givenName, courseId) VALUES ('100092','Brown','Heather','SCI123');
INSERT INTO SIS_COURSES (uid, surname, givenName, courseId) VALUES ('100092','Brown','Heather','SCI404');
INSERT INTO SIS_COURSES (uid, surname, givenName, courseId) VALUES ('100050','Doe','Heather','CS251');
INSERT INTO SIS_COURSES (uid, surname, givenName, courseId) VALUES ('100050','Doe','Heather','MATH101');
INSERT INTO SIS_COURSES (uid, surname, givenName, courseId) VALUES ('100062','Morrison','Heather','ACCT201');
INSERT INTO SIS_COURSES (uid, surname, givenName, courseId) VALUES ('100062','Morrison','Heather','CS252');
INSERT INTO SIS_COURSES (uid, surname, givenName, courseId) VALUES ('100062','Morrison','Heather','MATH101');
INSERT INTO SIS_COURSES (uid, surname, givenName, courseId) VALUES ('100062','Morrison','Heather','SCI404');
INSERT INTO SIS_COURSES (uid, surname, givenName, courseId) VALUES ('100087','Smith','Heather','ACCT201');
INSERT INTO SIS_COURSES (uid, surname, givenName, courseId) VALUES ('100087','Smith','Heather','CS251');
INSERT INTO SIS_COURSES (uid, surname, givenName, courseId) VALUES ('100087','Smith','Heather','MATH100');
INSERT INTO SIS_COURSES (uid, surname, givenName, courseId) VALUES ('100087','Smith','Heather','SCI123');
INSERT INTO SIS_COURSES (uid, surname, givenName, courseId) VALUES ('100058','Vales','Heather','ACCT101');
INSERT INTO SIS_COURSES (uid, surname, givenName, courseId) VALUES ('100058','Vales','Heather','CS251');
INSERT INTO SIS_COURSES (uid, surname, givenName, courseId) VALUES ('100058','Vales','Heather','SCI404');
INSERT INTO SIS_COURSES (uid, surname, givenName, courseId) VALUES ('100029','White','Heather','CS251');
INSERT INTO SIS_COURSES (uid, surname, givenName, courseId) VALUES ('100029','White','Heather','CS252');
INSERT INTO SIS_COURSES (uid, surname, givenName, courseId) VALUES ('100029','White','Heather','MATH100');
INSERT INTO SIS_COURSES (uid, surname, givenName, courseId) VALUES ('100012','Brown','James','MATH100');
INSERT INTO SIS_COURSES (uid, surname, givenName, courseId) VALUES ('100017','Brown','Jennifer','MATH100');
INSERT INTO SIS_COURSES (uid, surname, givenName, courseId) VALUES ('100017','Brown','Jennifer','MATH101');
INSERT INTO SIS_COURSES (uid, surname, givenName, courseId) VALUES ('100053','Brown','Jennifer','MATH100');
INSERT INTO SIS_COURSES (uid, surname, givenName, courseId) VALUES ('100053','Brown','Jennifer','SCI123');
INSERT INTO SIS_COURSES (uid, surname, givenName, courseId) VALUES ('100053','Brown','Jennifer','SCI404');
INSERT INTO SIS_COURSES (uid, surname, givenName, courseId) VALUES ('100074','Clark','Jennifer','CS252');
INSERT INTO SIS_COURSES (uid, surname, givenName, courseId) VALUES ('100074','Clark','Jennifer','SCI404');
INSERT INTO SIS_COURSES (uid, surname, givenName, courseId) VALUES ('100073','Gasper','James','MATH100');
INSERT INTO SIS_COURSES (uid, surname, givenName, courseId) VALUES ('100073','Gasper','James','MATH101');
INSERT INTO SIS_COURSES (uid, surname, givenName, courseId) VALUES ('100073','Gasper','James','SCI123');
INSERT INTO SIS_COURSES (uid, surname, givenName, courseId) VALUES ('100100','Grady','James','ACCT201');
INSERT INTO SIS_COURSES (uid, surname, givenName, courseId) VALUES ('100100','Grady','James','SCI123');
INSERT INTO SIS_COURSES (uid, surname, givenName, courseId) VALUES ('100032','Johnson','Jennifer','ACCT201');
INSERT INTO SIS_COURSES (uid, surname, givenName, courseId) VALUES ('100032','Johnson','Jennifer','CS251');
INSERT INTO SIS_COURSES (uid, surname, givenName, courseId) VALUES ('100032','Johnson','Jennifer','CS252');
INSERT INTO SIS_COURSES (uid, surname, givenName, courseId) VALUES ('100032','Johnson','Jennifer','SCI123');
INSERT INTO SIS_COURSES (uid, surname, givenName, courseId) VALUES ('100020','Lewis','Jo','CS252');
INSERT INTO SIS_COURSES (uid, surname, givenName, courseId) VALUES ('100020','Lewis','Jo','MATH101');
INSERT INTO SIS_COURSES (uid, surname, givenName, courseId) VALUES ('100020','Lewis','Jo','SCI123');
INSERT INTO SIS_COURSES (uid, surname, givenName, courseId) VALUES ('100063','Lopez','Jennifer','ACCT101');
INSERT INTO SIS_COURSES (uid, surname, givenName, courseId) VALUES ('100063','Lopez','Jennifer','MATH100');
INSERT INTO SIS_COURSES (uid, surname, givenName, courseId) VALUES ('100063','Lopez','Jennifer','SCI404');
INSERT INTO SIS_COURSES (uid, surname, givenName, courseId) VALUES ('100069','Martinez','Jennifer','ACCT101');
INSERT INTO SIS_COURSES (uid, surname, givenName, courseId) VALUES ('100069','Martinez','Jennifer','CS252');
INSERT INTO SIS_COURSES (uid, surname, givenName, courseId) VALUES ('100069','Martinez','Jennifer','SCI404');
INSERT INTO SIS_COURSES (uid, surname, givenName, courseId) VALUES ('100079','Martinez','Jo','SCI123');
INSERT INTO SIS_COURSES (uid, surname, givenName, courseId) VALUES ('100066','Morrison','Jennifer','ACCT201');
INSERT INTO SIS_COURSES (uid, surname, givenName, courseId) VALUES ('100066','Morrison','Jennifer','CS251');
INSERT INTO SIS_COURSES (uid, surname, givenName, courseId) VALUES ('100066','Morrison','Jennifer','MATH100');
INSERT INTO SIS_COURSES (uid, surname, givenName, courseId) VALUES ('100066','Morrison','Jennifer','SCI123');
INSERT INTO SIS_COURSES (uid, surname, givenName, courseId) VALUES ('100014','Scott','Jennifer','MATH100');
INSERT INTO SIS_COURSES (uid, surname, givenName, courseId) VALUES ('100014','Scott','Jennifer','MATH101');
INSERT INTO SIS_COURSES (uid, surname, givenName, courseId) VALUES ('100014','Scott','Jennifer','SCI123');
INSERT INTO SIS_COURSES (uid, surname, givenName, courseId) VALUES ('100059','Scott','Jo','ACCT201');
INSERT INTO SIS_COURSES (uid, surname, givenName, courseId) VALUES ('100059','Scott','Jo','CS251');
INSERT INTO SIS_COURSES (uid, surname, givenName, courseId) VALUES ('100046','Clark','Kiersten','ACCT201');
INSERT INTO SIS_COURSES (uid, surname, givenName, courseId) VALUES ('100046','Clark','Kiersten','MATH100');
INSERT INTO SIS_COURSES (uid, surname, givenName, courseId) VALUES ('100046','Clark','Kiersten','SCI123');
INSERT INTO SIS_COURSES (uid, surname, givenName, courseId) VALUES ('100084','Henderson','Kim','SCI404');
INSERT INTO SIS_COURSES (uid, surname, givenName, courseId) VALUES ('100011','Johnson','Kiersten','CS252');
INSERT INTO SIS_COURSES (uid, surname, givenName, courseId) VALUES ('100011','Johnson','Kiersten','SCI123');
INSERT INTO SIS_COURSES (uid, surname, givenName, courseId) VALUES ('100089','Lopez','Karl','SCI123');
INSERT INTO SIS_COURSES (uid, surname, givenName, courseId) VALUES ('100034','Martinez','Karl','ACCT101');
INSERT INTO SIS_COURSES (uid, surname, givenName, courseId) VALUES ('100034','Martinez','Karl','ACCT201');
INSERT INTO SIS_COURSES (uid, surname, givenName, courseId) VALUES ('100034','Martinez','Karl','SCI404');
INSERT INTO SIS_COURSES (uid, surname, givenName, courseId) VALUES ('100024','Morrison','Kiersten','SCI404');
INSERT INTO SIS_COURSES (uid, surname, givenName, courseId) VALUES ('100085','Peterson','Karoline','ACCT101');
INSERT INTO SIS_COURSES (uid, surname, givenName, courseId) VALUES ('100085','Peterson','Karoline','ACCT201');
INSERT INTO SIS_COURSES (uid, surname, givenName, courseId) VALUES ('100085','Peterson','Karoline','CS251');
INSERT INTO SIS_COURSES (uid, surname, givenName, courseId) VALUES ('100085','Peterson','Karoline','SCI123');
INSERT INTO SIS_COURSES (uid, surname, givenName, courseId) VALUES ('100093','Roberts','Kim','ACCT201');
INSERT INTO SIS_COURSES (uid, surname, givenName, courseId) VALUES ('100093','Roberts','Kim','CS252');
INSERT INTO SIS_COURSES (uid, surname, givenName, courseId) VALUES ('100093','Roberts','Kim','SCI123');
INSERT INTO SIS_COURSES (uid, surname, givenName, courseId) VALUES ('100093','Roberts','Kim','SCI404');
INSERT INTO SIS_COURSES (uid, surname, givenName, courseId) VALUES ('100022','Vales','Karoline','ACCT201');
INSERT INTO SIS_COURSES (uid, surname, givenName, courseId) VALUES ('100022','Vales','Karoline','CS251');
INSERT INTO SIS_COURSES (uid, surname, givenName, courseId) VALUES ('100043','Vales','Karl','ACCT201');
INSERT INTO SIS_COURSES (uid, surname, givenName, courseId) VALUES ('100043','Vales','Karl','MATH101');
INSERT INTO SIS_COURSES (uid, surname, givenName, courseId) VALUES ('100043','Vales','Karl','SCI123');
INSERT INTO SIS_COURSES (uid, surname, givenName, courseId) VALUES ('100043','Vales','Karl','SCI404');
INSERT INTO SIS_COURSES (uid, surname, givenName, courseId) VALUES ('100003','White','Karl','ACCT201');
INSERT INTO SIS_COURSES (uid, surname, givenName, courseId) VALUES ('100003','White','Karl','CS252');
INSERT INTO SIS_COURSES (uid, surname, givenName, courseId) VALUES ('100003','White','Karl','MATH100');
INSERT INTO SIS_COURSES (uid, surname, givenName, courseId) VALUES ('100003','White','Karl','SCI404');
INSERT INTO SIS_COURSES (uid, surname, givenName, courseId) VALUES ('100077','Williams','Lisa','CS251');
INSERT INTO SIS_COURSES (uid, surname, givenName, courseId) VALUES ('100077','Williams','Lisa','SCI123');
INSERT INTO SIS_COURSES (uid, surname, givenName, courseId) VALUES ('100077','Williams','Lisa','SCI404');
INSERT INTO SIS_COURSES (uid, surname, givenName, courseId) VALUES ('100021','Gasper','Mary','ACCT101');
INSERT INTO SIS_COURSES (uid, surname, givenName, courseId) VALUES ('100021','Gasper','Mary','CS251');
INSERT INTO SIS_COURSES (uid, surname, givenName, courseId) VALUES ('100021','Gasper','Mary','MATH100');
INSERT INTO SIS_COURSES (uid, surname, givenName, courseId) VALUES ('100021','Gasper','Mary','SCI123');
INSERT INTO SIS_COURSES (uid, surname, givenName, courseId) VALUES ('100070','Gasper','Mary','CS251');
INSERT INTO SIS_COURSES (uid, surname, givenName, courseId) VALUES ('100070','Gasper','Mary','CS252');
INSERT INTO SIS_COURSES (uid, surname, givenName, courseId) VALUES ('100070','Gasper','Mary','MATH101');
INSERT INTO SIS_COURSES (uid, surname, givenName, courseId) VALUES ('100070','Gasper','Mary','SCI123');
INSERT INTO SIS_COURSES (uid, surname, givenName, courseId) VALUES ('100054','Gonazles','Michael','MATH101');
INSERT INTO SIS_COURSES (uid, surname, givenName, courseId) VALUES ('100045','Lee','Marie','ACCT201');
INSERT INTO SIS_COURSES (uid, surname, givenName, courseId) VALUES ('100045','Lee','Marie','CS252');
INSERT INTO SIS_COURSES (uid, surname, givenName, courseId) VALUES ('100045','Lee','Marie','SCI404');
INSERT INTO SIS_COURSES (uid, surname, givenName, courseId) VALUES ('100057','Lewis','Michael','ACCT101');
INSERT INTO SIS_COURSES (uid, surname, givenName, courseId) VALUES ('100057','Lewis','Michael','ACCT201');
INSERT INTO SIS_COURSES (uid, surname, givenName, courseId) VALUES ('100057','Lewis','Michael','MATH100');
INSERT INTO SIS_COURSES (uid, surname, givenName, courseId) VALUES ('100057','Lewis','Michael','MATH101');
INSERT INTO SIS_COURSES (uid, surname, givenName, courseId) VALUES ('100068','Martinez','Mark','ACCT101');
INSERT INTO SIS_COURSES (uid, surname, givenName, courseId) VALUES ('100068','Martinez','Mark','ACCT201');
INSERT INTO SIS_COURSES (uid, surname, givenName, courseId) VALUES ('100068','Martinez','Mark','MATH100');
INSERT INTO SIS_COURSES (uid, surname, givenName, courseId) VALUES ('100068','Martinez','Mark','SCI123');
INSERT INTO SIS_COURSES (uid, surname, givenName, courseId) VALUES ('100010','Roberts','Marie','ACCT101');
INSERT INTO SIS_COURSES (uid, surname, givenName, courseId) VALUES ('100010','Roberts','Marie','CS251');
INSERT INTO SIS_COURSES (uid, surname, givenName, courseId) VALUES ('100010','Roberts','Marie','MATH101');
INSERT INTO SIS_COURSES (uid, surname, givenName, courseId) VALUES ('100010','Roberts','Marie','SCI123');
INSERT INTO SIS_COURSES (uid, surname, givenName, courseId) VALUES ('100026','Thompson','Mary','ACCT101');
INSERT INTO SIS_COURSES (uid, surname, givenName, courseId) VALUES ('100026','Thompson','Mary','CS251');
INSERT INTO SIS_COURSES (uid, surname, givenName, courseId) VALUES ('100026','Thompson','Mary','MATH100');
INSERT INTO SIS_COURSES (uid, surname, givenName, courseId) VALUES ('100026','Thompson','Mary','MATH101');
INSERT INTO SIS_COURSES (uid, surname, givenName, courseId) VALUES ('100056','Vales','Mark','CS251');
INSERT INTO SIS_COURSES (uid, surname, givenName, courseId) VALUES ('100056','Vales','Mark','CS252');
INSERT INTO SIS_COURSES (uid, surname, givenName, courseId) VALUES ('100056','Vales','Mark','MATH101');
INSERT INTO SIS_COURSES (uid, surname, givenName, courseId) VALUES ('100041','Henderson','Nancy','CS252');
INSERT INTO SIS_COURSES (uid, surname, givenName, courseId) VALUES ('100095','Lee','Nancy','ACCT201');
INSERT INTO SIS_COURSES (uid, surname, givenName, courseId) VALUES ('100095','Lee','Nancy','CS251');
INSERT INTO SIS_COURSES (uid, surname, givenName, courseId) VALUES ('100095','Lee','Nancy','CS252');
INSERT INTO SIS_COURSES (uid, surname, givenName, courseId) VALUES ('100095','Lee','Nancy','MATH100');
INSERT INTO SIS_COURSES (uid, surname, givenName, courseId) VALUES ('100039','Langenberg','Paul','SCI123');
INSERT INTO SIS_COURSES (uid, surname, givenName, courseId) VALUES ('100019','Martinez','Robert','CS252');
INSERT INTO SIS_COURSES (uid, surname, givenName, courseId) VALUES ('100019','Martinez','Robert','SCI123');
INSERT INTO SIS_COURSES (uid, surname, givenName, courseId) VALUES ('100060','Doe','Sarah','ACCT101');
INSERT INTO SIS_COURSES (uid, surname, givenName, courseId) VALUES ('100060','Doe','Sarah','ACCT201');
INSERT INTO SIS_COURSES (uid, surname, givenName, courseId) VALUES ('100060','Doe','Sarah','MATH101');
INSERT INTO SIS_COURSES (uid, surname, givenName, courseId) VALUES ('100060','Doe','Sarah','SCI123');
INSERT INTO SIS_COURSES (uid, surname, givenName, courseId) VALUES ('100096','Gonazles','Sarah','ACCT201');
INSERT INTO SIS_COURSES (uid, surname, givenName, courseId) VALUES ('100096','Gonazles','Sarah','MATH101');
INSERT INTO SIS_COURSES (uid, surname, givenName, courseId) VALUES ('100061','Vales','Sarah','ACCT101');
INSERT INTO SIS_COURSES (uid, surname, givenName, courseId) VALUES ('100061','Vales','Sarah','MATH100');
INSERT INTO SIS_COURSES (uid, surname, givenName, courseId) VALUES ('100023','Grady','Thomas','CS252');
INSERT INTO SIS_COURSES (uid, surname, givenName, courseId) VALUES ('100023','Grady','Thomas','SCI123');
INSERT INTO SIS_COURSES (uid, surname, givenName, courseId) VALUES ('100016','Morrison','Thomas','ACCT201');
INSERT INTO SIS_COURSES (uid, surname, givenName, courseId) VALUES ('100016','Morrison','Thomas','CS252');
INSERT INTO SIS_COURSES (uid, surname, givenName, courseId) VALUES ('100016','Morrison','Thomas','MATH101');
INSERT INTO SIS_COURSES (uid, surname, givenName, courseId) VALUES ('100091','Brown','William','MATH101');
INSERT INTO SIS_COURSES (uid, surname, givenName, courseId) VALUES ('100004','Henderson','William','ACCT101');
INSERT INTO SIS_COURSES (uid, surname, givenName, courseId) VALUES ('100090','Johnson','William','CS252');
INSERT INTO SIS_COURSES (uid, surname, givenName, courseId) VALUES ('100090','Johnson','William','MATH100');
INSERT INTO SIS_COURSES (uid, surname, givenName, courseId) VALUES ('100009','Price','William','MATH100');
INSERT INTO SIS_COURSES (uid, surname, givenName, courseId) VALUES ('100009','Price','William','SCI404');
INSERT INTO SIS_COURSES (uid, surname, givenName, courseId) VALUES ('100047','Scott','William','SCI123');
INSERT INTO SIS_COURSES (uid, surname, givenName, courseId) VALUES ('100081','Scott','William','ACCT201');
INSERT INTO SIS_COURSES (uid, surname, givenName, courseId) VALUES ('100081','Scott','William','MATH101');
INSERT INTO SIS_COURSES (uid, surname, givenName, courseId) VALUES ('100076','Smith','William','ACCT101');
INSERT INTO SIS_COURSES (uid, surname, givenName, courseId) VALUES ('100076','Smith','William','SCI123');
INSERT INTO SIS_COURSES (uid, surname, givenName, courseId) VALUES ('100042','Thompson','William','SCI123');
INSERT INTO SIS_COURSES (uid, surname, givenName, courseId) VALUES ('100042','Thompson','William','SCI404');
INSERT INTO SIS_COURSES (uid, surname, givenName, courseId) VALUES ('100067','Vales','William','MATH100');
INSERT INTO SIS_COURSES (uid, surname, givenName, courseId) VALUES ('100067','Vales','William','SCI123');